url,scrap_url
https://postcode.my/location/johor/pulau-satu/,https://postcode.my/johor-pulau-satu-forest-city-81550.html
https://postcode.my/location/johor/pontian/,https://postcode.my/johor-pontian-bandar-baru-pontian-82000.html
https://postcode.my/location/johor/pontian/,https://postcode.my/johor-pontian-jalan-abas-82000.html
https://postcode.my/location/johor/pontian/,https://postcode.my/johor-pontian-jalan-abdullah-82000.html
https://postcode.my/location/johor/pontian/,https://postcode.my/johor-pontian-jalan-alsagoff-82000.html
https://postcode.my/location/johor/pontian/,https://postcode.my/johor-pontian-jalan-bakek-82000.html
https://postcode.my/location/johor/pontian/,https://postcode.my/johor-pontian-jalan-dato-ali-82000.html
https://postcode.my/location/johor/pontian/,https://postcode.my/johor-pontian-jalan-dewan-82000.html
https://postcode.my/location/johor/pontian/,https://postcode.my/johor-pontian-jalan-ibrahim-82000.html
https://postcode.my/location/johor/pontian/,https://postcode.my/johor-pontian-jalan-ismail-82000.html
https://postcode.my/location/johor/pontian/,https://postcode.my/johor-pontian-jalan-johor-batu-36-82000.html
https://postcode.my/location/johor/pontian/,https://postcode.my/johor-pontian-jalan-johor-batu-38-1-4-40-1-4-82000.html
https://postcode.my/location/johor/pontian/,https://postcode.my/johor-pontian-jalan-kolam-air-82000.html
https://postcode.my/location/johor/pontian/,https://postcode.my/johor-pontian-jalan-kukup-batu-38-38-1-2-82000.html
https://postcode.my/location/johor/pontian/,https://postcode.my/johor-pontian-jalan-md-salleh-82000.html
https://postcode.my/location/johor/pontian/,https://postcode.my/johor-pontian-jalan-parit-masjid-82000.html
https://postcode.my/location/johor/pontian/,https://postcode.my/johor-pontian-jalan-parit-patah-82000.html
https://postcode.my/location/johor/pontian/,https://postcode.my/johor-pontian-jalan-pejabat-82000.html
https://postcode.my/location/johor/pontian/,https://postcode.my/johor-pontian-jalan-persiaran-2-82000.html
https://postcode.my/location/johor/pontian/,https://postcode.my/johor-pontian-jalan-pontian-besar-82000.html
https://postcode.my/location/johor/pontian/,https://postcode.my/johor-pontian-jalan-rahmat-82000.html
https://postcode.my/location/johor/pontian/,https://postcode.my/johor-pontian-jalan-sekolah-arab-82000.html
https://postcode.my/location/johor/pontian/,https://postcode.my/johor-pontian-jalan-shawal-82000.html
https://postcode.my/location/johor/pontian/,https://postcode.my/johor-pontian-jalan-sungai-gurap-82000.html
https://postcode.my/location/johor/pontian/,https://postcode.my/johor-pontian-jalan-tabung-haji-82000.html
https://postcode.my/location/johor/pontian/,https://postcode.my/johor-pontian-jalan-taib-82000.html
https://postcode.my/location/johor/pontian/,https://postcode.my/johor-pontian-jalan-teo-kang-sui-82000.html
https://postcode.my/location/johor/pontian/,https://postcode.my/johor-pontian-jalan-umno-82000.html
https://postcode.my/location/johor/pontian/,https://postcode.my/johor-pontian-kampung-api-api-82000.html
https://postcode.my/location/johor/pontian/,https://postcode.my/johor-pontian-kampung-banjar-82000.html
https://postcode.my/location/johor/pontian/,https://postcode.my/johor-pontian-kampung-batu-6-82000.html
https://postcode.my/location/johor/pontian/,https://postcode.my/johor-pontian-kampung-belokok-82000.html
https://postcode.my/location/johor/pontian/,https://postcode.my/johor-pontian-kampung-bugis-82000.html
https://postcode.my/location/johor/pontian/,https://postcode.my/johor-pontian-kampung-buluh-cina-82000.html
https://postcode.my/location/johor/pontian/,https://postcode.my/johor-pontian-kampung-cina-82000.html
https://postcode.my/location/johor/pontian/,https://postcode.my/johor-pontian-kampung-dalam-82000.html
https://postcode.my/location/johor/pontian/,https://postcode.my/johor-pontian-kampung-duku-82000.html
https://postcode.my/location/johor/pontian/,https://postcode.my/johor-pontian-kampung-jekun-82000.html
https://postcode.my/location/johor/pontian/,https://postcode.my/johor-pontian-kampung-kayu-ara-pasong-82000.html
https://postcode.my/location/johor/pontian/,https://postcode.my/johor-pontian-kampung-kelapa-82000.html
https://postcode.my/location/johor/pontian/,https://postcode.my/johor-pontian-kampung-kubur-82000.html
https://postcode.my/location/johor/pontian/,https://postcode.my/johor-pontian-kampung-medan-sari-82000.html
https://postcode.my/location/johor/pontian/,https://postcode.my/johor-pontian-kampung-melayu-82000.html
https://postcode.my/location/johor/pontian/,https://postcode.my/johor-pontian-kampung-merdeka-82000.html
https://postcode.my/location/johor/pontian/,https://postcode.my/johor-pontian-kampung-naga-82000.html
https://postcode.my/location/johor/pontian/,https://postcode.my/johor-pontian-kampung-nelayan-82000.html
https://postcode.my/location/johor/pontian/,https://postcode.my/johor-pontian-kampung-orang-asli-82000.html
https://postcode.my/location/johor/pontian/,https://postcode.my/johor-pontian-kampung-pak-intan-82000.html
https://postcode.my/location/johor/pontian/,https://postcode.my/johor-pontian-kampung-paradin-82000.html
https://postcode.my/location/johor/pontian/,https://postcode.my/johor-pontian-kampung-parit-haji-arif-82000.html
https://postcode.my/location/johor/pontian/,https://postcode.my/johor-pontian-kampung-parit-jermin-82000.html
https://postcode.my/location/johor/pontian/,https://postcode.my/johor-pontian-kampung-parit-kecil-82000.html
https://postcode.my/location/johor/pontian/,https://postcode.my/johor-pontian-kampung-parit-lintang-82000.html
https://postcode.my/location/johor/pontian/,https://postcode.my/johor-pontian-kampung-parit-osman-82000.html
https://postcode.my/location/johor/pontian/,https://postcode.my/johor-pontian-kampung-parit-patah-82000.html
https://postcode.my/location/johor/pontian/,https://postcode.my/johor-pontian-kampung-parit-rambai-82000.html
https://postcode.my/location/johor/pontian/,https://postcode.my/johor-pontian-kampung-parit-sapran-82000.html
https://postcode.my/location/johor/pontian/,https://postcode.my/johor-pontian-kampung-parit-semerah-82000.html
https://postcode.my/location/johor/pontian/,https://postcode.my/johor-pontian-kampung-parit-tenggayon-82000.html
https://postcode.my/location/johor/pontian/,https://postcode.my/johor-pontian-kampung-parit-wakaf-82000.html
https://postcode.my/location/johor/pontian/,https://postcode.my/johor-pontian-kampung-penerok-82000.html
https://postcode.my/location/johor/pontian/,https://postcode.my/johor-pontian-kampung-permata-82000.html
https://postcode.my/location/johor/pontian/,https://postcode.my/johor-pontian-kampung-pesisir-82000.html
https://postcode.my/location/johor/pontian/,https://postcode.my/johor-pontian-kampung-pesisir-dalam-82000.html
https://postcode.my/location/johor/pontian/,https://postcode.my/johor-pontian-kampung-pontian-besar-82000.html
https://postcode.my/location/johor/pontian/,https://postcode.my/johor-pontian-kampung-rambah-82000.html
https://postcode.my/location/johor/pontian/,https://postcode.my/johor-pontian-kampung-rambai-ulu-82000.html
https://postcode.my/location/johor/pontian/,https://postcode.my/johor-pontian-kampung-rimba-terjun-82000.html
https://postcode.my/location/johor/pontian/,https://postcode.my/johor-pontian-kampung-sawah-82000.html
https://postcode.my/location/johor/pontian/,https://postcode.my/johor-pontian-kampung-seri-bunian-82000.html
https://postcode.my/location/johor/pontian/,https://postcode.my/johor-pontian-kampung-seri-dungun-82000.html
https://postcode.my/location/johor/pontian/,https://postcode.my/johor-pontian-kampung-sungai-buluh-kasap-82000.html
https://postcode.my/location/johor/pontian/,https://postcode.my/johor-pontian-kampung-sungai-bunyi-82000.html
https://postcode.my/location/johor/pontian/,https://postcode.my/johor-pontian-kampung-sungai-bunyi-hilir-82000.html
https://postcode.my/location/johor/pontian/,https://postcode.my/johor-pontian-kampung-sungai-gurap-82000.html
https://postcode.my/location/johor/pontian/,https://postcode.my/johor-pontian-kampung-sungai-karang-82000.html
https://postcode.my/location/johor/pontian/,https://postcode.my/johor-pontian-kampung-sungai-naga-82000.html
https://postcode.my/location/johor/pontian/,https://postcode.my/johor-pontian-kampung-sungai-punai-82000.html
https://postcode.my/location/johor/pontian/,https://postcode.my/johor-pontian-kampung-sungai-senai-82000.html
https://postcode.my/location/johor/pontian/,https://postcode.my/johor-pontian-kampung-tanjung-air-hitam-82000.html
https://postcode.my/location/johor/pontian/,https://postcode.my/johor-pontian-kampung-teluk-kerang-82000.html
https://postcode.my/location/johor/pontian/,https://postcode.my/johor-pontian-kampung-tengah-1-2-82000.html
https://postcode.my/location/johor/pontian/,https://postcode.my/johor-pontian-kampung-terenggayon-82000.html
https://postcode.my/location/johor/pontian/,https://postcode.my/johor-pontian-kampung-timor-laut-82000.html
https://postcode.my/location/johor/pontian/,https://postcode.my/johor-pontian-kampung-timor-raya-82000.html
https://postcode.my/location/johor/pontian/,https://postcode.my/johor-pontian-kampung-pesisir-82000.html
https://postcode.my/location/johor/pontian/,https://postcode.my/johor-pontian-kawasan-perindustrian-pontian-82000.html
https://postcode.my/location/johor/pontian/,https://postcode.my/johor-pontian-kayu-ara-pasong-82000.html
https://postcode.my/location/johor/pontian/,https://postcode.my/johor-pontian-lorong-abadi-82000.html
https://postcode.my/location/johor/pontian/,https://postcode.my/johor-pontian-lorong-abd-majid-82000.html
https://postcode.my/location/johor/pontian/,https://postcode.my/johor-pontian-lorong-achuan-82000.html
https://postcode.my/location/johor/pontian/,https://postcode.my/johor-pontian-lorong-agong-82000.html
https://postcode.my/location/johor/pontian/,https://postcode.my/johor-pontian-lorong-ajmil-82000.html
https://postcode.my/location/johor/pontian/,https://postcode.my/johor-pontian-lorong-aman-82000.html
https://postcode.my/location/johor/pontian/,https://postcode.my/johor-pontian-lorong-amil-82000.html
https://postcode.my/location/johor/pontian/,https://postcode.my/johor-pontian-lorong-antarabangsa-82000.html
https://postcode.my/location/johor/pontian/,https://postcode.my/johor-pontian-lorong-asraf-82000.html
https://postcode.my/location/johor/pontian/,https://postcode.my/johor-pontian-lorong-bahagia-82000.html
https://postcode.my/location/johor/pontian/,https://postcode.my/johor-pontian-lorong-bakti-82000.html
https://postcode.my/location/johor/pontian/,https://postcode.my/johor-pontian-lorong-baru-82000.html
https://postcode.my/location/johor/pontian/,https://postcode.my/johor-pontian-lorong-bayam-82000.html
https://postcode.my/location/johor/pontian/,https://postcode.my/johor-pontian-lorong-berlian-82000.html
https://postcode.my/location/johor/pontian/,https://postcode.my/johor-pontian-lorong-bilal-82000.html
https://postcode.my/location/johor/pontian/,https://postcode.my/johor-pontian-lorong-bugis-82000.html
https://postcode.my/location/johor/pontian/,https://postcode.my/johor-pontian-lorong-bunga-tanjong-82000.html
https://postcode.my/location/johor/pontian/,https://postcode.my/johor-pontian-lorong-cempaka-82000.html
https://postcode.my/location/johor/pontian/,https://postcode.my/johor-pontian-lorong-ciku-82000.html
https://postcode.my/location/johor/pontian/,https://postcode.my/johor-pontian-lorong-damai-82000.html
https://postcode.my/location/johor/pontian/,https://postcode.my/johor-pontian-lorong-damansara-82000.html
https://postcode.my/location/johor/pontian/,https://postcode.my/johor-pontian-lorong-dato-hitam-82000.html
https://postcode.my/location/johor/pontian/,https://postcode.my/johor-pontian-lorong-duku-82000.html
https://postcode.my/location/johor/pontian/,https://postcode.my/johor-pontian-lorong-gantung-82000.html
https://postcode.my/location/johor/pontian/,https://postcode.my/johor-pontian-lorong-gudawara-82000.html
https://postcode.my/location/johor/pontian/,https://postcode.my/johor-pontian-lorong-haji-abdullah-82000.html
https://postcode.my/location/johor/pontian/,https://postcode.my/johor-pontian-lorong-haji-ahmad-82000.html
https://postcode.my/location/johor/pontian/,https://postcode.my/johor-pontian-lorong-haji-besar-82000.html
https://postcode.my/location/johor/pontian/,https://postcode.my/johor-pontian-lorong-haji-dolah-82000.html
https://postcode.my/location/johor/pontian/,https://postcode.my/johor-pontian-lorong-haji-elias-82000.html
https://postcode.my/location/johor/pontian/,https://postcode.my/johor-pontian-lorong-haji-idros-82000.html
https://postcode.my/location/johor/pontian/,https://postcode.my/johor-pontian-lorong-haji-ismail-82000.html
https://postcode.my/location/johor/pontian/,https://postcode.my/johor-pontian-lorong-haji-joned-82000.html
https://postcode.my/location/johor/pontian/,https://postcode.my/johor-pontian-lorong-haji-kamsah-82000.html
https://postcode.my/location/johor/pontian/,https://postcode.my/johor-pontian-lorong-haji-mahmod-82000.html
https://postcode.my/location/johor/pontian/,https://postcode.my/johor-pontian-lorong-haji-markom-82000.html
https://postcode.my/location/johor/pontian/,https://postcode.my/johor-pontian-lorong-haji-md-yusof-82000.html
https://postcode.my/location/johor/pontian/,https://postcode.my/johor-pontian-lorong-haji-saibon-82000.html
https://postcode.my/location/johor/pontian/,https://postcode.my/johor-pontian-lorong-haji-sarif-82000.html
https://postcode.my/location/johor/pontian/,https://postcode.my/johor-pontian-lorong-haji-selamat-82000.html
https://postcode.my/location/johor/pontian/,https://postcode.my/johor-pontian-lorong-haji-shamsi-82000.html
https://postcode.my/location/johor/pontian/,https://postcode.my/johor-pontian-lorong-haji-sulaiman-82000.html
https://postcode.my/location/johor/pontian/,https://postcode.my/johor-pontian-lorong-haji-yusof-82000.html
https://postcode.my/location/johor/pontian/,https://postcode.my/johor-pontian-lorong-harmoni-82000.html
https://postcode.my/location/johor/pontian/,https://postcode.my/johor-pontian-lorong-hashim-82000.html
https://postcode.my/location/johor/pontian/,https://postcode.my/johor-pontian-lorong-hijrah-82000.html
https://postcode.my/location/johor/pontian/,https://postcode.my/johor-pontian-lorong-ibrahim-82000.html
https://postcode.my/location/johor/pontian/,https://postcode.my/johor-pontian-lorong-idrus-82000.html
https://postcode.my/location/johor/pontian/,https://postcode.my/johor-pontian-lorong-imat-82000.html
https://postcode.my/location/johor/pontian/,https://postcode.my/johor-pontian-lorong-jaya-82000.html
https://postcode.my/location/johor/pontian/,https://postcode.my/johor-pontian-lorong-jelatik-82000.html
https://postcode.my/location/johor/pontian/,https://postcode.my/johor-pontian-lorong-kacang-82000.html
https://postcode.my/location/johor/pontian/,https://postcode.my/johor-pontian-lorong-kalsom-82000.html
https://postcode.my/location/johor/pontian/,https://postcode.my/johor-pontian-lorong-kangkong-82000.html
https://postcode.my/location/johor/pontian/,https://postcode.my/johor-pontian-lorong-kassim-82000.html
https://postcode.my/location/johor/pontian/,https://postcode.my/johor-pontian-lorong-keadilan-82000.html
https://postcode.my/location/johor/pontian/,https://postcode.my/johor-pontian-lorong-keluarga-82000.html
https://postcode.my/location/johor/pontian/,https://postcode.my/johor-pontian-lorong-kemang-82000.html
https://postcode.my/location/johor/pontian/,https://postcode.my/johor-pontian-lorong-kemboja-82000.html
https://postcode.my/location/johor/pontian/,https://postcode.my/johor-pontian-lorong-kenanga-82000.html
https://postcode.my/location/johor/pontian/,https://postcode.my/johor-pontian-lorong-kenangan-82000.html
https://postcode.my/location/johor/pontian/,https://postcode.my/johor-pontian-lorong-kurnia-82000.html
https://postcode.my/location/johor/pontian/,https://postcode.my/johor-pontian-lorong-langsat-82000.html
https://postcode.my/location/johor/pontian/,https://postcode.my/johor-pontian-lorong-li-ling-82000.html
https://postcode.my/location/johor/pontian/,https://postcode.my/johor-pontian-lorong-liang-82000.html
https://postcode.my/location/johor/pontian/,https://postcode.my/johor-pontian-lorong-mahadi-82000.html
https://postcode.my/location/johor/pontian/,https://postcode.my/johor-pontian-lorong-manggis-82000.html
https://postcode.my/location/johor/pontian/,https://postcode.my/johor-pontian-lorong-mariam-82000.html
https://postcode.my/location/johor/pontian/,https://postcode.my/johor-pontian-lorong-matap-82000.html
https://postcode.my/location/johor/pontian/,https://postcode.my/johor-pontian-lorong-md-nasir-82000.html
https://postcode.my/location/johor/pontian/,https://postcode.my/johor-pontian-lorong-md-nor-82000.html
https://postcode.my/location/johor/pontian/,https://postcode.my/johor-pontian-lorong-mengkudu-82000.html
https://postcode.my/location/johor/pontian/,https://postcode.my/johor-pontian-lorong-merbok-82000.html
https://postcode.my/location/johor/pontian/,https://postcode.my/johor-pontian-lorong-muhibbah-82000.html
https://postcode.my/location/johor/pontian/,https://postcode.my/johor-pontian-lorong-najip-82000.html
https://postcode.my/location/johor/pontian/,https://postcode.my/johor-pontian-lorong-nangka-82000.html
https://postcode.my/location/johor/pontian/,https://postcode.my/johor-pontian-lorong-nipah-82000.html
https://postcode.my/location/johor/pontian/,https://postcode.my/johor-pontian-lorong-osman-82000.html
https://postcode.my/location/johor/pontian/,https://postcode.my/johor-pontian-lorong-pak-mat-yakin-82000.html
https://postcode.my/location/johor/pontian/,https://postcode.my/johor-pontian-lorong-palil-82000.html
https://postcode.my/location/johor/pontian/,https://postcode.my/johor-pontian-lorong-panjang-82000.html
https://postcode.my/location/johor/pontian/,https://postcode.my/johor-pontian-lorong-parit-kecil-82000.html
https://postcode.my/location/johor/pontian/,https://postcode.my/johor-pontian-lorong-parit-lapis-82000.html
https://postcode.my/location/johor/pontian/,https://postcode.my/johor-pontian-lorong-pendita-82000.html
https://postcode.my/location/johor/pontian/,https://postcode.my/johor-pontian-lorong-peria-82000.html
https://postcode.my/location/johor/pontian/,https://postcode.my/johor-pontian-lorong-peristiwa-82000.html
https://postcode.my/location/johor/pontian/,https://postcode.my/johor-pontian-lorong-perkasa-82000.html
https://postcode.my/location/johor/pontian/,https://postcode.my/johor-pontian-lorong-permai-82000.html
https://postcode.my/location/johor/pontian/,https://postcode.my/johor-pontian-lorong-pewira-82000.html
https://postcode.my/location/johor/pontian/,https://postcode.my/johor-pontian-lorong-pinang-82000.html
https://postcode.my/location/johor/pontian/,https://postcode.my/johor-pontian-lorong-ponorogo-82000.html
https://postcode.my/location/johor/pontian/,https://postcode.my/johor-pontian-lorong-rahim-82000.html
https://postcode.my/location/johor/pontian/,https://postcode.my/johor-pontian-lorong-rasdin-82000.html
https://postcode.my/location/johor/pontian/,https://postcode.my/johor-pontian-lorong-ria-82000.html
https://postcode.my/location/johor/pontian/,https://postcode.my/johor-pontian-lorong-safar-82000.html
https://postcode.my/location/johor/pontian/,https://postcode.my/johor-pontian-lorong-saksama-82000.html
https://postcode.my/location/johor/pontian/,https://postcode.my/johor-pontian-lorong-salim-82000.html
https://postcode.my/location/johor/pontian/,https://postcode.my/johor-pontian-lorong-salom-82000.html
https://postcode.my/location/johor/pontian/,https://postcode.my/johor-pontian-lorong-sarbini-82000.html
https://postcode.my/location/johor/pontian/,https://postcode.my/johor-pontian-lorong-sawi-82000.html
https://postcode.my/location/johor/pontian/,https://postcode.my/johor-pontian-lorong-sayang-82000.html
https://postcode.my/location/johor/pontian/,https://postcode.my/johor-pontian-lorong-sentosa-82000.html
https://postcode.my/location/johor/pontian/,https://postcode.my/johor-pontian-lorong-sepakat-82000.html
https://postcode.my/location/johor/pontian/,https://postcode.my/johor-pontian-lorong-seroja-82000.html
https://postcode.my/location/johor/pontian/,https://postcode.my/johor-pontian-lorong-setia-82000.html
https://postcode.my/location/johor/pontian/,https://postcode.my/johor-pontian-lorong-sri-permai-82000.html
https://postcode.my/location/johor/pontian/,https://postcode.my/johor-pontian-lorong-sri-pinang-82000.html
https://postcode.my/location/johor/pontian/,https://postcode.my/johor-pontian-lorong-sulaiman-82000.html
https://postcode.my/location/johor/pontian/,https://postcode.my/johor-pontian-lorong-syed-hassan-82000.html
https://postcode.my/location/johor/pontian/,https://postcode.my/johor-pontian-lorong-syukor-82000.html
https://postcode.my/location/johor/pontian/,https://postcode.my/johor-pontian-lorong-taat-82000.html
https://postcode.my/location/johor/pontian/,https://postcode.my/johor-pontian-lorong-talang-82000.html
https://postcode.my/location/johor/pontian/,https://postcode.my/johor-pontian-lorong-tok-guru-82000.html
https://postcode.my/location/johor/pontian/,https://postcode.my/johor-pontian-lorong-tokong-82000.html
https://postcode.my/location/johor/pontian/,https://postcode.my/johor-pontian-lorong-wan-zainab-82000.html
https://postcode.my/location/johor/pontian/,https://postcode.my/johor-pontian-lorong-wanita-82000.html
https://postcode.my/location/johor/pontian/,https://postcode.my/johor-pontian-lorong-warisan-82000.html
https://postcode.my/location/johor/pontian/,https://postcode.my/johor-pontian-lorong-yang-mohd-82000.html
https://postcode.my/location/johor/pontian/,https://postcode.my/johor-pontian-lorong-yunos-82000.html
https://postcode.my/location/johor/pontian/,https://postcode.my/johor-pontian-lorong-zawawi-82000.html
https://postcode.my/location/johor/pontian/,https://postcode.my/johor-pontian-parit-1-pontian-82000.html
https://postcode.my/location/johor/pontian/,https://postcode.my/johor-pontian-parit-2-pontian-82000.html
https://postcode.my/location/johor/pontian/,https://postcode.my/johor-pontian-parit-3-pontian-82000.html
https://postcode.my/location/johor/pontian/,https://postcode.my/johor-pontian-parit-4-pontian-82000.html
https://postcode.my/location/johor/pontian/,https://postcode.my/johor-pontian-parit-abdul-rahman-82000.html
https://postcode.my/location/johor/pontian/,https://postcode.my/johor-pontian-parit-ah-long-82000.html
https://postcode.my/location/johor/pontian/,https://postcode.my/johor-pontian-parit-baru-82000.html
https://postcode.my/location/johor/pontian/,https://postcode.my/johor-pontian-parit-basilam-82000.html
https://postcode.my/location/johor/pontian/,https://postcode.my/johor-pontian-parit-bengkok-82000.html
https://postcode.my/location/johor/pontian/,https://postcode.my/johor-pontian-parit-bilal-82000.html
https://postcode.my/location/johor/pontian/,https://postcode.my/johor-pontian-parit-bugis-82000.html
https://postcode.my/location/johor/pontian/,https://postcode.my/johor-pontian-parit-buloh-cina-82000.html
https://postcode.my/location/johor/pontian/,https://postcode.my/johor-pontian-parit-eng-joon-82000.html
https://postcode.my/location/johor/pontian/,https://postcode.my/johor-pontian-parit-haji-abd-rashid-82000.html
https://postcode.my/location/johor/pontian/,https://postcode.my/johor-pontian-parit-haji-abd-wahab-82000.html
https://postcode.my/location/johor/pontian/,https://postcode.my/johor-pontian-parit-haji-arif-82000.html
https://postcode.my/location/johor/pontian/,https://postcode.my/johor-pontian-parit-haji-dahlan-82000.html
https://postcode.my/location/johor/pontian/,https://postcode.my/johor-pontian-parit-haji-omar-82000.html
https://postcode.my/location/johor/pontian/,https://postcode.my/johor-pontian-parit-haji-siraj-82000.html
https://postcode.my/location/johor/pontian/,https://postcode.my/johor-pontian-parit-haji-taburi-82000.html
https://postcode.my/location/johor/pontian/,https://postcode.my/johor-pontian-parit-haji-zain-82000.html
https://postcode.my/location/johor/pontian/,https://postcode.my/johor-pontian-parit-ibrahim-82000.html
https://postcode.my/location/johor/pontian/,https://postcode.my/johor-pontian-parit-jawa-82000.html
https://postcode.my/location/johor/pontian/,https://postcode.my/johor-pontian-parit-jerman-82000.html
https://postcode.my/location/johor/pontian/,https://postcode.my/johor-pontian-parit-karto-82000.html
https://postcode.my/location/johor/pontian/,https://postcode.my/johor-pontian-parit-kerinci-82000.html
https://postcode.my/location/johor/pontian/,https://postcode.my/johor-pontian-parit-koci-82000.html
https://postcode.my/location/johor/pontian/,https://postcode.my/johor-pontian-parit-kudus-82000.html
https://postcode.my/location/johor/pontian/,https://postcode.my/johor-pontian-parit-laji-82000.html
https://postcode.my/location/johor/pontian/,https://postcode.my/johor-pontian-parit-lama-82000.html
https://postcode.my/location/johor/pontian/,https://postcode.my/johor-pontian-parit-lan-82000.html
https://postcode.my/location/johor/pontian/,https://postcode.my/johor-pontian-parit-lapis-82000.html
https://postcode.my/location/johor/pontian/,https://postcode.my/johor-pontian-parit-lau-82000.html
https://postcode.my/location/johor/pontian/,https://postcode.my/johor-pontian-parit-lintang-82000.html
https://postcode.my/location/johor/pontian/,https://postcode.my/johor-pontian-parit-masjid-82000.html
https://postcode.my/location/johor/pontian/,https://postcode.my/johor-pontian-parit-mentol-82000.html
https://postcode.my/location/johor/pontian/,https://postcode.my/johor-pontian-parit-peradin-82000.html
https://postcode.my/location/johor/pontian/,https://postcode.my/johor-pontian-parit-raja-82000.html
https://postcode.my/location/johor/pontian/,https://postcode.my/johor-pontian-parit-rambai-82000.html
https://postcode.my/location/johor/pontian/,https://postcode.my/johor-pontian-parit-rambai-dalam-82000.html
https://postcode.my/location/johor/pontian/,https://postcode.my/johor-pontian-parit-rambai-luar-82000.html
https://postcode.my/location/johor/pontian/,https://postcode.my/johor-pontian-parit-rimba-hilir-82000.html
https://postcode.my/location/johor/pontian/,https://postcode.my/johor-pontian-parit-rimba-hulu-82000.html
https://postcode.my/location/johor/pontian/,https://postcode.my/johor-pontian-parit-semerah-82000.html
https://postcode.my/location/johor/pontian/,https://postcode.my/johor-pontian-parit-serong-82000.html
https://postcode.my/location/johor/pontian/,https://postcode.my/johor-pontian-parit-sikom-82000.html
https://postcode.my/location/johor/pontian/,https://postcode.my/johor-pontian-parit-sikom-dalam-82000.html
https://postcode.my/location/johor/pontian/,https://postcode.my/johor-pontian-parit-suka-82000.html
https://postcode.my/location/johor/pontian/,https://postcode.my/johor-pontian-parit-sulaiman-82000.html
https://postcode.my/location/johor/pontian/,https://postcode.my/johor-pontian-parit-sungai-terus-82000.html
https://postcode.my/location/johor/pontian/,https://postcode.my/johor-pontian-parit-supian-82000.html
https://postcode.my/location/johor/pontian/,https://postcode.my/johor-pontian-parit-tanjong-ayer-hitam-82000.html
https://postcode.my/location/johor/pontian/,https://postcode.my/johor-pontian-parit-tasrif-82000.html
https://postcode.my/location/johor/pontian/,https://postcode.my/johor-pontian-parit-tegong-82000.html
https://postcode.my/location/johor/pontian/,https://postcode.my/johor-pontian-parit-tenggayun-82000.html
https://postcode.my/location/johor/pontian/,https://postcode.my/johor-pontian-parit-wir-82000.html
https://postcode.my/location/johor/pontian/,https://postcode.my/johor-pontian-parit-yunus-82000.html
https://postcode.my/location/johor/pontian/,https://postcode.my/johor-pontian-pasar-awam-82000.html
https://postcode.my/location/johor/pontian/,https://postcode.my/johor-pontian-peninsula-plantation-82000.html
https://postcode.my/location/johor/pontian/,https://postcode.my/johor-pontian-pontian-82000.html
https://postcode.my/location/johor/pontian/,https://postcode.my/johor-pontian-rimba-terjun-km-60-82000.html
https://postcode.my/location/johor/pontian/,https://postcode.my/johor-pontian-sungai-punai-82000.html
https://postcode.my/location/johor/pontian/,https://postcode.my/johor-pontian-sungai-senai-82000.html
https://postcode.my/location/johor/pontian/,https://postcode.my/johor-pontian-taman-anggerik-82000.html
https://postcode.my/location/johor/pontian/,https://postcode.my/johor-pontian-taman-azizah-82000.html
https://postcode.my/location/johor/pontian/,https://postcode.my/johor-pontian-taman-bahagia-82000.html
https://postcode.my/location/johor/pontian/,https://postcode.my/johor-pontian-taman-baiduri-82000.html
https://postcode.my/location/johor/pontian/,https://postcode.my/johor-pontian-taman-bakek-jaya-82000.html
https://postcode.my/location/johor/pontian/,https://postcode.my/johor-pontian-taman-bunga-raya-82000.html
https://postcode.my/location/johor/pontian/,https://postcode.my/johor-pontian-taman-cahaya-82000.html
https://postcode.my/location/johor/pontian/,https://postcode.my/johor-pontian-taman-damai-82000.html
https://postcode.my/location/johor/pontian/,https://postcode.my/johor-pontian-taman-desa-harta-indah-82000.html
https://postcode.my/location/johor/pontian/,https://postcode.my/johor-pontian-taman-desa-harta-ria-82000.html
https://postcode.my/location/johor/pontian/,https://postcode.my/johor-pontian-taman-desa-impian-82000.html
https://postcode.my/location/johor/pontian/,https://postcode.my/johor-pontian-taman-desa-juta-82000.html
https://postcode.my/location/johor/pontian/,https://postcode.my/johor-pontian-taman-desa-molek-82000.html
https://postcode.my/location/johor/pontian/,https://postcode.my/johor-pontian-taman-desa-sri-impian-82000.html
https://postcode.my/location/johor/pontian/,https://postcode.my/johor-pontian-taman-desa-sri-pontian-82000.html
https://postcode.my/location/johor/pontian/,https://postcode.my/johor-pontian-taman-gembira-82000.html
https://postcode.my/location/johor/pontian/,https://postcode.my/johor-pontian-taman-harta-82000.html
https://postcode.my/location/johor/pontian/,https://postcode.my/johor-pontian-taman-harta-indah-82000.html
https://postcode.my/location/johor/pontian/,https://postcode.my/johor-pontian-taman-harta-permai-82000.html
https://postcode.my/location/johor/pontian/,https://postcode.my/johor-pontian-taman-impian-indah-82000.html
https://postcode.my/location/johor/pontian/,https://postcode.my/johor-pontian-taman-indah-82000.html
https://postcode.my/location/johor/pontian/,https://postcode.my/johor-pontian-taman-jasa-82000.html
https://postcode.my/location/johor/pontian/,https://postcode.my/johor-pontian-taman-jasa-indah-82000.html
https://postcode.my/location/johor/pontian/,https://postcode.my/johor-pontian-taman-jaya-82000.html
https://postcode.my/location/johor/pontian/,https://postcode.my/johor-pontian-taman-juta-82000.html
https://postcode.my/location/johor/pontian/,https://postcode.my/johor-pontian-taman-kenangan-82000.html
https://postcode.my/location/johor/pontian/,https://postcode.my/johor-pontian-taman-kencana-82000.html
https://postcode.my/location/johor/pontian/,https://postcode.my/johor-pontian-taman-kota-mas-82000.html
https://postcode.my/location/johor/pontian/,https://postcode.my/johor-pontian-taman-kristal-82000.html
https://postcode.my/location/johor/pontian/,https://postcode.my/johor-pontian-taman-maju-82000.html
https://postcode.my/location/johor/pontian/,https://postcode.my/johor-pontian-taman-mawar-82000.html
https://postcode.my/location/johor/pontian/,https://postcode.my/johor-pontian-taman-medan-koop-82000.html
https://postcode.my/location/johor/pontian/,https://postcode.my/johor-pontian-taman-megah-82000.html
https://postcode.my/location/johor/pontian/,https://postcode.my/johor-pontian-taman-mekar-82000.html
https://postcode.my/location/johor/pontian/,https://postcode.my/johor-pontian-taman-melati-82000.html
https://postcode.my/location/johor/pontian/,https://postcode.my/johor-pontian-taman-merdeka-82000.html
https://postcode.my/location/johor/pontian/,https://postcode.my/johor-pontian-taman-mutiara-82000.html
https://postcode.my/location/johor/pontian/,https://postcode.my/johor-pontian-taman-nilam-82000.html
https://postcode.my/location/johor/pontian/,https://postcode.my/johor-pontian-taman-nong-chik-82000.html
https://postcode.my/location/johor/pontian/,https://postcode.my/johor-pontian-taman-palma-82000.html
https://postcode.my/location/johor/pontian/,https://postcode.my/johor-pontian-taman-pantai-82000.html
https://postcode.my/location/johor/pontian/,https://postcode.my/johor-pontian-taman-permata-82000.html
https://postcode.my/location/johor/pontian/,https://postcode.my/johor-pontian-taman-perpaduan-82000.html
https://postcode.my/location/johor/pontian/,https://postcode.my/johor-pontian-taman-pontian-82000.html
https://postcode.my/location/johor/pontian/,https://postcode.my/johor-pontian-taman-pontian-jaya-82000.html
https://postcode.my/location/johor/pontian/,https://postcode.my/johor-pontian-taman-pontian-maju-82000.html
https://postcode.my/location/johor/pontian/,https://postcode.my/johor-pontian-taman-pontian-utama-82000.html
https://postcode.my/location/johor/pontian/,https://postcode.my/johor-pontian-taman-rakyat-82000.html
https://postcode.my/location/johor/pontian/,https://postcode.my/johor-pontian-taman-rambah-82000.html
https://postcode.my/location/johor/pontian/,https://postcode.my/johor-pontian-taman-rimba-jaya-82000.html
https://postcode.my/location/johor/pontian/,https://postcode.my/johor-pontian-taman-rimba-jaya-2-82000.html
https://postcode.my/location/johor/pontian/,https://postcode.my/johor-pontian-taman-saujana-82000.html
https://postcode.my/location/johor/pontian/,https://postcode.my/johor-pontian-taman-selesa-jaya-82000.html
https://postcode.my/location/johor/pontian/,https://postcode.my/johor-pontian-taman-semarak-82000.html
https://postcode.my/location/johor/pontian/,https://postcode.my/johor-pontian-taman-semerah-indah-82000.html
https://postcode.my/location/johor/pontian/,https://postcode.my/johor-pontian-taman-sentosa-82000.html
https://postcode.my/location/johor/pontian/,https://postcode.my/johor-pontian-taman-seri-aman-82000.html
https://postcode.my/location/johor/pontian/,https://postcode.my/johor-pontian-taman-seri-maju-82000.html
https://postcode.my/location/johor/pontian/,https://postcode.my/johor-pontian-taman-seri-pantai-82000.html
https://postcode.my/location/johor/pontian/,https://postcode.my/johor-pontian-taman-seri-pinang-82000.html
https://postcode.my/location/johor/pontian/,https://postcode.my/johor-pontian-taman-sri-api-api-82000.html
https://postcode.my/location/johor/pontian/,https://postcode.my/johor-pontian-taman-sri-mahkota-82000.html
https://postcode.my/location/johor/pontian/,https://postcode.my/johor-pontian-taman-sri-maju-82000.html
https://postcode.my/location/johor/pontian/,https://postcode.my/johor-pontian-taman-sri-makmor-82000.html
https://postcode.my/location/johor/pontian/,https://postcode.my/johor-pontian-taman-sri-mulia-82000.html
https://postcode.my/location/johor/pontian/,https://postcode.my/johor-pontian-taman-sri-panti-82000.html
https://postcode.my/location/johor/pontian/,https://postcode.my/johor-pontian-taman-sri-semerah-82000.html
https://postcode.my/location/johor/pontian/,https://postcode.my/johor-pontian-taman-sri-sutera-82000.html
https://postcode.my/location/johor/pontian/,https://postcode.my/johor-pontian-taman-ssp-82000.html
https://postcode.my/location/johor/pontian/,https://postcode.my/johor-pontian-taman-sui-82000.html
https://postcode.my/location/johor/pontian/,https://postcode.my/johor-pontian-taman-suraya-82000.html
https://postcode.my/location/johor/pontian/,https://postcode.my/johor-pontian-taman-suraya-indah-82000.html
https://postcode.my/location/johor/pontian/,https://postcode.my/johor-pontian-taman-suria-82000.html
https://postcode.my/location/johor/pontian/,https://postcode.my/johor-pontian-taman-sutera-82000.html
https://postcode.my/location/johor/pontian/,https://postcode.my/johor-pontian-taman-tahiti-82000.html
https://postcode.my/location/johor/pontian/,https://postcode.my/johor-pontian-taman-warisan-82000.html
https://postcode.my/location/johor/pontian/,https://postcode.my/johor-pontian-taman-zalinah-82000.html
https://postcode.my/location/johor/semerah/,https://postcode.my/johor-semerah-jalan-bukit-mor-83600.html
https://postcode.my/location/johor/semerah/,https://postcode.my/johor-semerah-jalan-sri-dalam-83600.html
https://postcode.my/location/johor/semerah/,https://postcode.my/johor-semerah-jalan-tepi-sarang-buaya-83600.html
https://postcode.my/location/johor/semerah/,https://postcode.my/johor-semerah-kampung-bali-83600.html
https://postcode.my/location/johor/semerah/,https://postcode.my/johor-semerah-kampung-lubuk-darat-83600.html
https://postcode.my/location/johor/semerah/,https://postcode.my/johor-semerah-kampung-melayu-83600.html
https://postcode.my/location/johor/semerah/,https://postcode.my/johor-semerah-kampung-semerah-darat-83600.html
https://postcode.my/location/johor/semerah/,https://postcode.my/johor-semerah-kampung-semerah-laut-83600.html
https://postcode.my/location/johor/semerah/,https://postcode.my/johor-semerah-kampung-sungai-nibong-83600.html
https://postcode.my/location/johor/semerah/,https://postcode.my/johor-semerah-kampung-sungai-nibong-lubok-tengah-83600.html
https://postcode.my/location/johor/semerah/,https://postcode.my/johor-semerah-kampung-tembaga-83600.html
https://postcode.my/location/johor/semerah/,https://postcode.my/johor-semerah-kampung-tengah-83600.html
https://postcode.my/location/johor/semerah/,https://postcode.my/johor-semerah-kampung-tengah-lubok-83600.html
https://postcode.my/location/johor/semerah/,https://postcode.my/johor-semerah-kampung-terengganu-83600.html
https://postcode.my/location/johor/semerah/,https://postcode.my/johor-semerah-lorong-haji-hassan-83600.html
https://postcode.my/location/johor/semerah/,https://postcode.my/johor-semerah-parit-amat-nasuha-83600.html
https://postcode.my/location/johor/semerah/,https://postcode.my/johor-semerah-parit-bajuri-83600.html
https://postcode.my/location/johor/semerah/,https://postcode.my/johor-semerah-parit-bangelan-83600.html
https://postcode.my/location/johor/semerah/,https://postcode.my/johor-semerah-parit-benu-83600.html
https://postcode.my/location/johor/semerah/,https://postcode.my/johor-semerah-parit-bisu-83600.html
https://postcode.my/location/johor/semerah/,https://postcode.my/johor-semerah-parit-bisu-darat-83600.html
https://postcode.my/location/johor/semerah/,https://postcode.my/johor-semerah-parit-bugis-83600.html
https://postcode.my/location/johor/semerah/,https://postcode.my/johor-semerah-parit-gantong-83600.html
https://postcode.my/location/johor/semerah/,https://postcode.my/johor-semerah-parit-guntong-83600.html
https://postcode.my/location/johor/semerah/,https://postcode.my/johor-semerah-parit-guntong-darat-83600.html
https://postcode.my/location/johor/semerah/,https://postcode.my/johor-semerah-parit-guntong-daratan-83600.html
https://postcode.my/location/johor/semerah/,https://postcode.my/johor-semerah-parit-haji-abd-aziz-83600.html
https://postcode.my/location/johor/semerah/,https://postcode.my/johor-semerah-parit-haji-sirat-83600.html
https://postcode.my/location/johor/semerah/,https://postcode.my/johor-semerah-parit-ibrahim-83600.html
https://postcode.my/location/johor/semerah/,https://postcode.my/johor-semerah-parit-kemang-83600.html
https://postcode.my/location/johor/semerah/,https://postcode.my/johor-semerah-parit-kuda-83600.html
https://postcode.my/location/johor/semerah/,https://postcode.my/johor-semerah-parit-kuda-darat-83600.html
https://postcode.my/location/johor/semerah/,https://postcode.my/johor-semerah-parit-kuda-laut-83600.html
https://postcode.my/location/johor/semerah/,https://postcode.my/johor-semerah-parit-latiff-83600.html
https://postcode.my/location/johor/semerah/,https://postcode.my/johor-semerah-parit-masjid-83600.html
https://postcode.my/location/johor/semerah/,https://postcode.my/johor-semerah-parit-no-1-83600.html
https://postcode.my/location/johor/semerah/,https://postcode.my/johor-semerah-parit-no-10-83600.html
https://postcode.my/location/johor/semerah/,https://postcode.my/johor-semerah-parit-no-11-83600.html
https://postcode.my/location/johor/semerah/,https://postcode.my/johor-semerah-parit-no-12-83600.html
https://postcode.my/location/johor/semerah/,https://postcode.my/johor-semerah-parit-no-2-83600.html
https://postcode.my/location/johor/semerah/,https://postcode.my/johor-semerah-parit-no-3-83600.html
https://postcode.my/location/johor/semerah/,https://postcode.my/johor-semerah-parit-no-4-83600.html
https://postcode.my/location/johor/semerah/,https://postcode.my/johor-semerah-parit-no-5-83600.html
https://postcode.my/location/johor/semerah/,https://postcode.my/johor-semerah-parit-no-6-83600.html
https://postcode.my/location/johor/semerah/,https://postcode.my/johor-semerah-parit-no-7-83600.html
https://postcode.my/location/johor/semerah/,https://postcode.my/johor-semerah-parit-no-8-83600.html
https://postcode.my/location/johor/semerah/,https://postcode.my/johor-semerah-parit-no-9-83600.html
https://postcode.my/location/johor/semerah/,https://postcode.my/johor-semerah-parit-ponorogo-83600.html
https://postcode.my/location/johor/semerah/,https://postcode.my/johor-semerah-parit-resik-83600.html
https://postcode.my/location/johor/semerah/,https://postcode.my/johor-semerah-parit-salam-83600.html
https://postcode.my/location/johor/semerah/,https://postcode.my/johor-semerah-parit-sangit-83600.html
https://postcode.my/location/johor/semerah/,https://postcode.my/johor-semerah-parit-sangit-darat-83600.html
https://postcode.my/location/johor/semerah/,https://postcode.my/johor-semerah-parit-sangit-laut-83600.html
https://postcode.my/location/johor/semerah/,https://postcode.my/johor-semerah-parit-sempadan-83600.html
https://postcode.my/location/johor/semerah/,https://postcode.my/johor-semerah-parit-serong-83600.html
https://postcode.my/location/johor/semerah/,https://postcode.my/johor-semerah-parit-sidek-83600.html
https://postcode.my/location/johor/semerah/,https://postcode.my/johor-semerah-parit-simin-83600.html
https://postcode.my/location/johor/semerah/,https://postcode.my/johor-semerah-parit-subari-83600.html
https://postcode.my/location/johor/semerah/,https://postcode.my/johor-semerah-parit-yusof-darat-83600.html
https://postcode.my/location/johor/semerah/,https://postcode.my/johor-semerah-pekan-parit-yusof-83600.html
https://postcode.my/location/johor/semerah/,https://postcode.my/johor-semerah-pekan-sungai-balang-83600.html
https://postcode.my/location/johor/semerah/,https://postcode.my/johor-semerah-sarang-buaya-83600.html
https://postcode.my/location/johor/semerah/,https://postcode.my/johor-semerah-sarang-buaya-darat-83600.html
https://postcode.my/location/johor/semerah/,https://postcode.my/johor-semerah-sarang-buaya-laut-83600.html
https://postcode.my/location/johor/semerah/,https://postcode.my/johor-semerah-semerah-83600.html
https://postcode.my/location/johor/semerah/,https://postcode.my/johor-semerah-sungai-balang-83600.html
https://postcode.my/location/johor/semerah/,https://postcode.my/johor-semerah-sungai-balang-besar-83600.html
https://postcode.my/location/johor/semerah/,https://postcode.my/johor-semerah-sungai-balang-darat-83600.html
https://postcode.my/location/johor/semerah/,https://postcode.my/johor-semerah-sungai-balang-kecil-83600.html
https://postcode.my/location/johor/semerah/,https://postcode.my/johor-semerah-sungai-belukang-83600.html
https://postcode.my/location/johor/semerah/,https://postcode.my/johor-semerah-sungai-belukang-laut-83600.html
https://postcode.my/location/johor/semerah/,https://postcode.my/johor-semerah-sungai-gerisek-darat-83600.html
https://postcode.my/location/johor/semerah/,https://postcode.my/johor-semerah-sungai-gerisek-laut-83600.html
https://postcode.my/location/johor/semerah/,https://postcode.my/johor-semerah-sungai-gersik-83600.html
https://postcode.my/location/johor/semerah/,https://postcode.my/johor-semerah-sungai-kelat-83600.html
https://postcode.my/location/johor/semerah/,https://postcode.my/johor-semerah-sungai-kelat-darat-83600.html
https://postcode.my/location/johor/semerah/,https://postcode.my/johor-semerah-sungai-kelat-laut-83600.html
https://postcode.my/location/johor/semerah/,https://postcode.my/johor-semerah-sungai-kemudi-83600.html
https://postcode.my/location/johor/semerah/,https://postcode.my/johor-semerah-sungai-kemudi-laut-83600.html
https://postcode.my/location/johor/semerah/,https://postcode.my/johor-semerah-sungai-muda-83600.html
https://postcode.my/location/johor/semerah/,https://postcode.my/johor-semerah-sungai-muda-darat-83600.html
https://postcode.my/location/johor/semerah/,https://postcode.my/johor-semerah-sungai-muda-laut-83600.html
https://postcode.my/location/johor/semerah/,https://postcode.my/johor-semerah-sungai-nibong-83600.html
https://postcode.my/location/johor/semerah/,https://postcode.my/johor-semerah-sungai-sarang-buaya-83600.html
https://postcode.my/location/johor/semerah/,https://postcode.my/johor-semerah-sungai-sudah-83600.html
https://postcode.my/location/johor/semerah/,https://postcode.my/johor-semerah-sungai-sudah-darat-83600.html
https://postcode.my/location/johor/semerah/,https://postcode.my/johor-semerah-sungai-sudah-laut-83600.html
https://postcode.my/location/johor/semerah/,https://postcode.my/johor-semerah-taman-samudera-83600.html
https://postcode.my/location/johor/semerah/,https://postcode.my/johor-semerah-taman-semerah-83600.html
https://postcode.my/location/johor/semerah/,https://postcode.my/johor-semerah-taman-teratai-83600.html
https://postcode.my/location/johor/pekan-nenas/,https://postcode.my/johor-pekan-nenas-desa-baru-81500.html
https://postcode.my/location/johor/pekan-nenas/,https://postcode.my/johor-pekan-nenas-jalan-abu-bakar-majid-81500.html
https://postcode.my/location/johor/pekan-nenas/,https://postcode.my/johor-pekan-nenas-jalan-besar-sh-81500.html
https://postcode.my/location/johor/pekan-nenas/,https://postcode.my/johor-pekan-nenas-jalan-panggung-wayang-81500.html
https://postcode.my/location/johor/pekan-nenas/,https://postcode.my/johor-pekan-nenas-jalan-pasar-lama-81500.html
https://postcode.my/location/johor/pekan-nenas/,https://postcode.my/johor-pekan-nenas-jalan-pontian-lama-81500.html
https://postcode.my/location/johor/pekan-nenas/,https://postcode.my/johor-pekan-nenas-jalan-sawah-81500.html
https://postcode.my/location/johor/pekan-nenas/,https://postcode.my/johor-pekan-nenas-jalan-syabas-81500.html
https://postcode.my/location/johor/pekan-nenas/,https://postcode.my/johor-pekan-nenas-kampung-air-puteh-81500.html
https://postcode.my/location/johor/pekan-nenas/,https://postcode.my/johor-pekan-nenas-kampung-bahagia-ulu-choh-81500.html
https://postcode.my/location/johor/pekan-nenas/,https://postcode.my/johor-pekan-nenas-kampung-bakar-arang-81500.html
https://postcode.my/location/johor/pekan-nenas/,https://postcode.my/johor-pekan-nenas-kampung-baru-81500.html
https://postcode.my/location/johor/pekan-nenas/,https://postcode.my/johor-pekan-nenas-kampung-baru-ulu-choh-81500.html
https://postcode.my/location/johor/pekan-nenas/,https://postcode.my/johor-pekan-nenas-kampung-batu-25-81500.html
https://postcode.my/location/johor/pekan-nenas/,https://postcode.my/johor-pekan-nenas-kampung-batu-26-81500.html
https://postcode.my/location/johor/pekan-nenas/,https://postcode.my/johor-pekan-nenas-kampung-batu-28-81500.html
https://postcode.my/location/johor/pekan-nenas/,https://postcode.my/johor-pekan-nenas-kampung-bukit-panjang-81500.html
https://postcode.my/location/johor/pekan-nenas/,https://postcode.my/johor-pekan-nenas-kampung-desa-baru-81500.html
https://postcode.my/location/johor/pekan-nenas/,https://postcode.my/johor-pekan-nenas-kampung-haji-adnan-81500.html
https://postcode.my/location/johor/pekan-nenas/,https://postcode.my/johor-pekan-nenas-kampung-jaya-sepakat-81500.html
https://postcode.my/location/johor/pekan-nenas/,https://postcode.my/johor-pekan-nenas-kampung-jeram-batu-81500.html
https://postcode.my/location/johor/pekan-nenas/,https://postcode.my/johor-pekan-nenas-kampung-kubur-81500.html
https://postcode.my/location/johor/pekan-nenas/,https://postcode.my/johor-pekan-nenas-kampung-maju-batu-4-81500.html
https://postcode.my/location/johor/pekan-nenas/,https://postcode.my/johor-pekan-nenas-kampung-maju-jaya-81500.html
https://postcode.my/location/johor/pekan-nenas/,https://postcode.my/johor-pekan-nenas-kampung-maju-jaya-lorong-1-2-81500.html
https://postcode.my/location/johor/pekan-nenas/,https://postcode.my/johor-pekan-nenas-kampung-masjid-81500.html
https://postcode.my/location/johor/pekan-nenas/,https://postcode.my/johor-pekan-nenas-kampung-melayu-bukit-panjang-81500.html
https://postcode.my/location/johor/pekan-nenas/,https://postcode.my/johor-pekan-nenas-kampung-melayu-raya-81500.html
https://postcode.my/location/johor/pekan-nenas/,https://postcode.my/johor-pekan-nenas-kampung-melayu-ulu-choh-81500.html
https://postcode.my/location/johor/pekan-nenas/,https://postcode.my/johor-pekan-nenas-kampung-pak-khalid-81500.html
https://postcode.my/location/johor/pekan-nenas/,https://postcode.my/johor-pekan-nenas-kampung-pang-meng-estate-81500.html
https://postcode.my/location/johor/pekan-nenas/,https://postcode.my/johor-pekan-nenas-kampung-parit-hassan-81500.html
https://postcode.my/location/johor/pekan-nenas/,https://postcode.my/johor-pekan-nenas-kampung-parit-pasir-lama-81500.html
https://postcode.my/location/johor/pekan-nenas/,https://postcode.my/johor-pekan-nenas-kampung-paya-embun-81500.html
https://postcode.my/location/johor/pekan-nenas/,https://postcode.my/johor-pekan-nenas-kampung-pengkalan-raja-81500.html
https://postcode.my/location/johor/pekan-nenas/,https://postcode.my/johor-pekan-nenas-kampung-pulai-81500.html
https://postcode.my/location/johor/pekan-nenas/,https://postcode.my/johor-pekan-nenas-kampung-sawah-81500.html
https://postcode.my/location/johor/pekan-nenas/,https://postcode.my/johor-pekan-nenas-kampung-selekoh-81500.html
https://postcode.my/location/johor/pekan-nenas/,https://postcode.my/johor-pekan-nenas-kampung-sepakat-jaya-81500.html
https://postcode.my/location/johor/pekan-nenas/,https://postcode.my/johor-pekan-nenas-kampung-seri-bukit-panjang-81500.html
https://postcode.my/location/johor/pekan-nenas/,https://postcode.my/johor-pekan-nenas-kampung-seri-gambut-81500.html
https://postcode.my/location/johor/pekan-nenas/,https://postcode.my/johor-pekan-nenas-kampung-seri-kenangan-81500.html
https://postcode.my/location/johor/pekan-nenas/,https://postcode.my/johor-pekan-nenas-kampung-seri-menanti-81500.html
https://postcode.my/location/johor/pekan-nenas/,https://postcode.my/johor-pekan-nenas-kampung-sinar-harapan-81500.html
https://postcode.my/location/johor/pekan-nenas/,https://postcode.my/johor-pekan-nenas-kampung-sri-gambut-81500.html
https://postcode.my/location/johor/pekan-nenas/,https://postcode.my/johor-pekan-nenas-kampung-sri-warisan-81500.html
https://postcode.my/location/johor/pekan-nenas/,https://postcode.my/johor-pekan-nenas-kampung-sungai-burung-81500.html
https://postcode.my/location/johor/pekan-nenas/,https://postcode.my/johor-pekan-nenas-kampung-sungai-molek-81500.html
https://postcode.my/location/johor/pekan-nenas/,https://postcode.my/johor-pekan-nenas-kampung-ulu-pulai-81500.html
https://postcode.my/location/johor/pekan-nenas/,https://postcode.my/johor-pekan-nenas-kampung-wak-musa-81500.html
https://postcode.my/location/johor/pekan-nenas/,https://postcode.my/johor-pekan-nenas-kampung-warisan-81500.html
https://postcode.my/location/johor/pekan-nenas/,https://postcode.my/johor-pekan-nenas-ladang-getah-gunung-pulai-81500.html
https://postcode.my/location/johor/pekan-nenas/,https://postcode.my/johor-pekan-nenas-ladang-greet-wall-81500.html
https://postcode.my/location/johor/pekan-nenas/,https://postcode.my/johor-pekan-nenas-ladang-sungai-burung-81500.html
https://postcode.my/location/johor/pekan-nenas/,https://postcode.my/johor-pekan-nenas-lorong-warisan-batu-29-81500.html
https://postcode.my/location/johor/pekan-nenas/,https://postcode.my/johor-pekan-nenas-parit-haji-adnan-81500.html
https://postcode.my/location/johor/pekan-nenas/,https://postcode.my/johor-pekan-nenas-parit-kassim-81500.html
https://postcode.my/location/johor/pekan-nenas/,https://postcode.my/johor-pekan-nenas-parit-pasir-baru-81500.html
https://postcode.my/location/johor/pekan-nenas/,https://postcode.my/johor-pekan-nenas-parit-pasir-lama-81500.html
https://postcode.my/location/johor/pekan-nenas/,https://postcode.my/johor-pekan-nenas-parit-selangor-baru-81500.html
https://postcode.my/location/johor/pekan-nenas/,https://postcode.my/johor-pekan-nenas-parit-selangor-lama-81500.html
https://postcode.my/location/johor/pekan-nenas/,https://postcode.my/johor-pekan-nenas-pekan-nenas-81500.html
https://postcode.my/location/johor/pekan-nenas/,https://postcode.my/johor-pekan-nenas-pub-ulu-choh-81500.html
https://postcode.my/location/johor/pekan-nenas/,https://postcode.my/johor-pekan-nenas-sungai-moleh-81500.html
https://postcode.my/location/johor/pekan-nenas/,https://postcode.my/johor-pekan-nenas-sungai-tempayan-81500.html
https://postcode.my/location/johor/pekan-nenas/,https://postcode.my/johor-pekan-nenas-taman-bahagia-81500.html
https://postcode.my/location/johor/pekan-nenas/,https://postcode.my/johor-pekan-nenas-taman-bunga-teratai-81500.html
https://postcode.my/location/johor/pekan-nenas/,https://postcode.my/johor-pekan-nenas-taman-cempaka-81500.html
https://postcode.my/location/johor/pekan-nenas/,https://postcode.my/johor-pekan-nenas-taman-damai-81500.html
https://postcode.my/location/johor/pekan-nenas/,https://postcode.my/johor-pekan-nenas-taman-desa-putra-81500.html
https://postcode.my/location/johor/pekan-nenas/,https://postcode.my/johor-pekan-nenas-taman-emas-merah-81500.html
https://postcode.my/location/johor/pekan-nenas/,https://postcode.my/johor-pekan-nenas-taman-gemilang-81500.html
https://postcode.my/location/johor/pekan-nenas/,https://postcode.my/johor-pekan-nenas-taman-hidayat-81500.html
https://postcode.my/location/johor/pekan-nenas/,https://postcode.my/johor-pekan-nenas-taman-hidayat-utama-81500.html
https://postcode.my/location/johor/pekan-nenas/,https://postcode.my/johor-pekan-nenas-taman-impian-81500.html
https://postcode.my/location/johor/pekan-nenas/,https://postcode.my/johor-pekan-nenas-taman-intan-81500.html
https://postcode.my/location/johor/pekan-nenas/,https://postcode.my/johor-pekan-nenas-taman-mewah-81500.html
https://postcode.my/location/johor/pekan-nenas/,https://postcode.my/johor-pekan-nenas-taman-pelangi-81500.html
https://postcode.my/location/johor/pekan-nenas/,https://postcode.my/johor-pekan-nenas-taman-perindustrian-81500.html
https://postcode.my/location/johor/pekan-nenas/,https://postcode.my/johor-pekan-nenas-taman-puteri-81500.html
https://postcode.my/location/johor/pekan-nenas/,https://postcode.my/johor-pekan-nenas-taman-ria-81500.html
https://postcode.my/location/johor/pekan-nenas/,https://postcode.my/johor-pekan-nenas-taman-seasin-81500.html
https://postcode.my/location/johor/pekan-nenas/,https://postcode.my/johor-pekan-nenas-taman-seri-jaya-81500.html
https://postcode.my/location/johor/pekan-nenas/,https://postcode.my/johor-pekan-nenas-taman-seri-kota-81500.html
https://postcode.my/location/johor/pekan-nenas/,https://postcode.my/johor-pekan-nenas-taman-seri-pekan-nenas-81500.html
https://postcode.my/location/johor/pekan-nenas/,https://postcode.my/johor-pekan-nenas-taman-sri-bahagia-81500.html
https://postcode.my/location/johor/pekan-nenas/,https://postcode.my/johor-pekan-nenas-taman-sri-damansara-81500.html
https://postcode.my/location/johor/pekan-nenas/,https://postcode.my/johor-pekan-nenas-taman-sri-sentosa-81500.html
https://postcode.my/location/johor/pekan-nenas/,https://postcode.my/johor-pekan-nenas-taman-suria-81500.html
https://postcode.my/location/johor/pekan-nenas/,https://postcode.my/johor-pekan-nenas-taman-syabas-81500.html
https://postcode.my/location/johor/pekan-nenas/,https://postcode.my/johor-pekan-nenas-taman-tuah-81500.html
https://postcode.my/location/johor/pekan-nenas/,https://postcode.my/johor-pekan-nenas-taman-ulu-choh-81500.html
https://postcode.my/location/johor/pekan-nenas/,https://postcode.my/johor-pekan-nenas-taman-utama-81500.html
https://postcode.my/location/johor/pekan-nenas/,https://postcode.my/johor-pekan-nenas-ulu-choh-81500.html
https://postcode.my/location/johor/panchor/,https://postcode.my/johor-panchor-bukit-setaki-84500.html
https://postcode.my/location/johor/panchor/,https://postcode.my/johor-panchor-jalan-tengku-bendahara-84500.html
https://postcode.my/location/johor/panchor/,https://postcode.my/johor-panchor-kampung-batu-14-84500.html
https://postcode.my/location/johor/panchor/,https://postcode.my/johor-panchor-kampung-brohol-84500.html
https://postcode.my/location/johor/panchor/,https://postcode.my/johor-panchor-kampung-duku-84500.html
https://postcode.my/location/johor/panchor/,https://postcode.my/johor-panchor-kampung-dusun-84500.html
https://postcode.my/location/johor/panchor/,https://postcode.my/johor-panchor-kampung-jawa-darat-84500.html
https://postcode.my/location/johor/panchor/,https://postcode.my/johor-panchor-kampung-jawa-laut-84500.html
https://postcode.my/location/johor/panchor/,https://postcode.my/johor-panchor-kampung-kancil-84500.html
https://postcode.my/location/johor/panchor/,https://postcode.my/johor-panchor-kampung-londang-84500.html
https://postcode.my/location/johor/panchor/,https://postcode.my/johor-panchor-kampung-masharakat-jasa-84500.html
https://postcode.my/location/johor/panchor/,https://postcode.my/johor-panchor-kampung-mawar-84500.html
https://postcode.my/location/johor/panchor/,https://postcode.my/johor-panchor-kampung-melayu-84500.html
https://postcode.my/location/johor/panchor/,https://postcode.my/johor-panchor-kampung-melini-84500.html
https://postcode.my/location/johor/panchor/,https://postcode.my/johor-panchor-kampung-parit-bugis-84500.html
https://postcode.my/location/johor/panchor/,https://postcode.my/johor-panchor-kampung-semaseh-84500.html
https://postcode.my/location/johor/panchor/,https://postcode.my/johor-panchor-kampung-seri-tanjung-84500.html
https://postcode.my/location/johor/panchor/,https://postcode.my/johor-panchor-kampung-sungai-alai-darat-84500.html
https://postcode.my/location/johor/panchor/,https://postcode.my/johor-panchor-kampung-sungai-ranggam-84500.html
https://postcode.my/location/johor/panchor/,https://postcode.my/johor-panchor-kampung-sungai-terus-84500.html
https://postcode.my/location/johor/seri-gading/,https://postcode.my/johor-seri-gading-batu-5-jalan-kluang-83300.html
https://postcode.my/location/johor/seri-gading/,https://postcode.my/johor-seri-gading-batu-6-1-2-jalan-kluang-83300.html
https://postcode.my/location/johor/seri-gading/,https://postcode.my/johor-seri-gading-batu-6-jalan-kluang-83300.html
https://postcode.my/location/johor/seri-gading/,https://postcode.my/johor-seri-gading-batu-7-jalan-kluang-83300.html
https://postcode.my/location/johor/seri-gading/,https://postcode.my/johor-seri-gading-batu-9-jalan-kluang-83300.html
https://postcode.my/location/johor/seri-gading/,https://postcode.my/johor-seri-gading-kampung-baru-83300.html
https://postcode.my/location/johor/seri-gading/,https://postcode.my/johor-seri-gading-kampung-parit-bengkok-83300.html
https://postcode.my/location/johor/seri-gading/,https://postcode.my/johor-seri-gading-kampung-parit-budin-83300.html
https://postcode.my/location/johor/seri-gading/,https://postcode.my/johor-seri-gading-kampung-parit-burah-83300.html
https://postcode.my/location/johor/seri-gading/,https://postcode.my/johor-seri-gading-kampung-parit-haji-hassan-83300.html
https://postcode.my/location/johor/seri-gading/,https://postcode.my/johor-seri-gading-kampung-parit-haji-khamis-83300.html
https://postcode.my/location/johor/seri-gading/,https://postcode.my/johor-seri-gading-kampung-parit-haji-salleh-83300.html
https://postcode.my/location/johor/seri-gading/,https://postcode.my/johor-seri-gading-kampung-pasir-panjang-83300.html
https://postcode.my/location/johor/seri-gading/,https://postcode.my/johor-seri-gading-kampung-sengkuang-83300.html
https://postcode.my/location/johor/seri-gading/,https://postcode.my/johor-seri-gading-kampung-seri-bengkal-83300.html
https://postcode.my/location/johor/seri-gading/,https://postcode.my/johor-seri-gading-kampung-sri-gading-83300.html
https://postcode.my/location/johor/seri-gading/,https://postcode.my/johor-seri-gading-kampung-sri-tanjung-83300.html
https://postcode.my/location/johor/seri-gading/,https://postcode.my/johor-seri-gading-lorong-2-83300.html
https://postcode.my/location/johor/seri-gading/,https://postcode.my/johor-seri-gading-lorong-3-83300.html
https://postcode.my/location/johor/seri-gading/,https://postcode.my/johor-seri-gading-lorong-4-83300.html
https://postcode.my/location/johor/pengerang/,https://postcode.my/johor-pengerang-batu-layar-81600.html
https://postcode.my/location/johor/pengerang/,https://postcode.my/johor-pengerang-estet-penggerang-81600.html
https://postcode.my/location/johor/pengerang/,https://postcode.my/johor-pengerang-jalan-damai-81600.html
https://postcode.my/location/johor/pengerang/,https://postcode.my/johor-pengerang-jalan-kurau-81600.html
https://postcode.my/location/johor/pengerang/,https://postcode.my/johor-pengerang-jalan-senangin-81600.html
https://postcode.my/location/johor/pengerang/,https://postcode.my/johor-pengerang-kampung-baru-teluk-beserah-81600.html
https://postcode.my/location/johor/pengerang/,https://postcode.my/johor-pengerang-kampung-batu-mas-81600.html
https://postcode.my/location/johor/pengerang/,https://postcode.my/johor-pengerang-kampung-bukit-buloh-81600.html
https://postcode.my/location/johor/pengerang/,https://postcode.my/johor-pengerang-kampung-bukit-gelugor-81600.html
https://postcode.my/location/johor/pengerang/,https://postcode.my/johor-pengerang-kampung-bukit-lintang-81600.html
https://postcode.my/location/johor/pengerang/,https://postcode.my/johor-pengerang-kampung-bukit-raja-darat-81600.html
https://postcode.my/location/johor/pengerang/,https://postcode.my/johor-pengerang-kampung-bukit-raja-laut-81600.html
https://postcode.my/location/johor/pengerang/,https://postcode.my/johor-pengerang-kampung-bukit-saga-81600.html
https://postcode.my/location/johor/pengerang/,https://postcode.my/johor-pengerang-kampung-changi-81600.html
https://postcode.my/location/johor/pengerang/,https://postcode.my/johor-pengerang-kampung-dato-haji-abdul-ghani-bin-othman-81600.html
https://postcode.my/location/johor/pengerang/,https://postcode.my/johor-pengerang-kampung-desa-wawasan-81600.html
https://postcode.my/location/johor/pengerang/,https://postcode.my/johor-pengerang-kampung-haji-abdullah-81600.html
https://postcode.my/location/johor/pengerang/,https://postcode.my/johor-pengerang-kampung-industri-jaket-81600.html
https://postcode.my/location/johor/pengerang/,https://postcode.my/johor-pengerang-kampung-jawa-darat-81600.html
https://postcode.my/location/johor/pengerang/,https://postcode.my/johor-pengerang-kampung-jawa-laut-81600.html
https://postcode.my/location/johor/tangkak/,https://postcode.my/johor-tangkak-bandar-baru-tangkak-84900.html
https://postcode.my/location/johor/tangkak/,https://postcode.my/johor-tangkak-bukit-banjar-84900.html
https://postcode.my/location/johor/tangkak/,https://postcode.my/johor-tangkak-jalan-abd-ghani-84900.html
https://postcode.my/location/johor/tangkak/,https://postcode.my/johor-tangkak-jalan-ah-jin-84900.html
https://postcode.my/location/johor/tangkak/,https://postcode.my/johor-tangkak-jalan-baru-2-84900.html
https://postcode.my/location/johor/tangkak/,https://postcode.my/johor-tangkak-jalan-baru-belembang-84900.html
https://postcode.my/location/johor/tangkak/,https://postcode.my/johor-tangkak-jalan-belading-84900.html
https://postcode.my/location/johor/tangkak/,https://postcode.my/johor-tangkak-jalan-besar-84900.html
https://postcode.my/location/johor/tangkak/,https://postcode.my/johor-tangkak-jalan-bukit-kontang-84900.html
https://postcode.my/location/johor/tangkak/,https://postcode.my/johor-tangkak-jalan-hassan-84900.html
https://postcode.my/location/johor/tangkak/,https://postcode.my/johor-tangkak-jalan-hospital-84900.html
https://postcode.my/location/johor/tangkak/,https://postcode.my/johor-tangkak-jalan-jaamat-84900.html
https://postcode.my/location/johor/tangkak/,https://postcode.my/johor-tangkak-jalan-kartini-84900.html
https://postcode.my/location/johor/tangkak/,https://postcode.my/johor-tangkak-jalan-kemajuan-84900.html
https://postcode.my/location/johor/tangkak/,https://postcode.my/johor-tangkak-jalan-manja-84900.html
https://postcode.my/location/johor/tangkak/,https://postcode.my/johor-tangkak-jalan-megamas-84900.html
https://postcode.my/location/johor/tangkak/,https://postcode.my/johor-tangkak-jalan-muar-batu-13-84900.html
https://postcode.my/location/johor/tangkak/,https://postcode.my/johor-tangkak-jalan-naib-long-84900.html
https://postcode.my/location/johor/tangkak/,https://postcode.my/johor-tangkak-jalan-ong-siang-84900.html
https://postcode.my/location/johor/tangkak/,https://postcode.my/johor-tangkak-jalan-padang-lalang-84900.html
https://postcode.my/location/johor/tangkak/,https://postcode.my/johor-tangkak-jalan-panggung-wayang-84900.html
https://postcode.my/location/johor/tangkak/,https://postcode.my/johor-tangkak-jalan-payamas-84900.html
https://postcode.my/location/johor/tangkak/,https://postcode.my/johor-tangkak-jalan-pusat-pertanian-84900.html
https://postcode.my/location/johor/tangkak/,https://postcode.my/johor-tangkak-jalan-sawmill-84900.html
https://postcode.my/location/johor/tangkak/,https://postcode.my/johor-tangkak-jalan-segamat-84900.html
https://postcode.my/location/johor/tangkak/,https://postcode.my/johor-tangkak-jalan-sekolah-84900.html
https://postcode.my/location/johor/tangkak/,https://postcode.my/johor-tangkak-jalan-sialang-84900.html
https://postcode.my/location/johor/tangkak/,https://postcode.my/johor-tangkak-jalan-solok-84900.html
https://postcode.my/location/johor/tangkak/,https://postcode.my/johor-tangkak-jalan-sri-maamor-84900.html
https://postcode.my/location/johor/tangkak/,https://postcode.my/johor-tangkak-kampung-seheng-84900.html
https://postcode.my/location/johor/tangkak/,https://postcode.my/johor-tangkak-kampung-teheng-84900.html
https://postcode.my/location/johor/tangkak/,https://postcode.my/johor-tangkak-kampung-anjong-batu-84900.html
https://postcode.my/location/johor/tangkak/,https://postcode.my/johor-tangkak-kampung-anjung-batu-dalam-84900.html
https://postcode.my/location/johor/tangkak/,https://postcode.my/johor-tangkak-kampung-ban-hup-baru-84900.html
https://postcode.my/location/johor/tangkak/,https://postcode.my/johor-tangkak-kampung-baru-1-84900.html
https://postcode.my/location/johor/tangkak/,https://postcode.my/johor-tangkak-kampung-baru-2-84900.html
https://postcode.my/location/johor/tangkak/,https://postcode.my/johor-tangkak-kampung-baru-bekoh-84900.html
https://postcode.my/location/johor/tangkak/,https://postcode.my/johor-tangkak-kampung-baru-cina-bekoh-84900.html
https://postcode.my/location/johor/tangkak/,https://postcode.my/johor-tangkak-kampung-baru-dua-84900.html
https://postcode.my/location/johor/tangkak/,https://postcode.my/johor-tangkak-kampung-baru-sagil-84900.html
https://postcode.my/location/johor/tangkak/,https://postcode.my/johor-tangkak-kampung-baru-satu-84900.html
https://postcode.my/location/johor/tangkak/,https://postcode.my/johor-tangkak-kampung-batu-10-84900.html
https://postcode.my/location/johor/tangkak/,https://postcode.my/johor-tangkak-kampung-bekoh-84900.html
https://postcode.my/location/johor/tangkak/,https://postcode.my/johor-tangkak-kampung-bukit-banjar-84900.html
https://postcode.my/location/johor/tangkak/,https://postcode.my/johor-tangkak-kampung-bukit-kechil-84900.html
https://postcode.my/location/johor/tangkak/,https://postcode.my/johor-tangkak-kampung-chenas-84900.html
https://postcode.my/location/johor/tangkak/,https://postcode.my/johor-tangkak-kampung-conggo-sagil-84900.html
https://postcode.my/location/johor/tangkak/,https://postcode.my/johor-tangkak-kampung-dangku-84900.html
https://postcode.my/location/johor/tangkak/,https://postcode.my/johor-tangkak-kampung-dok-84900.html
https://postcode.my/location/johor/tangkak/,https://postcode.my/johor-tangkak-kampung-hang-tuah-84900.html
https://postcode.my/location/johor/tangkak/,https://postcode.my/johor-tangkak-kampung-kemuning-84900.html
https://postcode.my/location/johor/tangkak/,https://postcode.my/johor-tangkak-kampung-kurnia-jaya-84900.html
https://postcode.my/location/johor/tangkak/,https://postcode.my/johor-tangkak-kampung-melapang-84900.html
https://postcode.my/location/johor/tangkak/,https://postcode.my/johor-tangkak-kampung-melayu-raya-84900.html
https://postcode.my/location/johor/tangkak/,https://postcode.my/johor-tangkak-kampung-padang-lalang-84900.html
https://postcode.my/location/johor/tangkak/,https://postcode.my/johor-tangkak-kampung-padang-larek-1-84900.html
https://postcode.my/location/johor/tangkak/,https://postcode.my/johor-tangkak-kampung-padang-lerek-2-84900.html
https://postcode.my/location/johor/tangkak/,https://postcode.my/johor-tangkak-kampung-parit-1-2-3-sagil-84900.html
https://postcode.my/location/johor/tangkak/,https://postcode.my/johor-tangkak-kampung-parit-timin-84900.html
https://postcode.my/location/johor/tangkak/,https://postcode.my/johor-tangkak-kampung-paya-kepong-84900.html
https://postcode.my/location/johor/tangkak/,https://postcode.my/johor-tangkak-kampung-paya-pupok-84900.html
https://postcode.my/location/johor/tangkak/,https://postcode.my/johor-tangkak-kampung-payamas-84900.html
https://postcode.my/location/johor/tangkak/,https://postcode.my/johor-tangkak-kampung-pengkalan-besar-84900.html
https://postcode.my/location/johor/tangkak/,https://postcode.my/johor-tangkak-kampung-sagil-batu-1-3-84900.html
https://postcode.my/location/johor/tangkak/,https://postcode.my/johor-tangkak-kampung-seberang-gajah-84900.html
https://postcode.my/location/johor/tangkak/,https://postcode.my/johor-tangkak-kampung-seri-maamur-84900.html
https://postcode.my/location/johor/tangkak/,https://postcode.my/johor-tangkak-kampung-sialang-84900.html
https://postcode.my/location/johor/tangkak/,https://postcode.my/johor-tangkak-kampung-sialang-dalam-84900.html
https://postcode.my/location/johor/tangkak/,https://postcode.my/johor-tangkak-kampung-solok-84900.html
https://postcode.my/location/johor/tangkak/,https://postcode.my/johor-tangkak-kampung-solok-jaya-84900.html
https://postcode.my/location/johor/tangkak/,https://postcode.my/johor-tangkak-kampung-sri-jaya-84900.html
https://postcode.my/location/johor/tangkak/,https://postcode.my/johor-tangkak-kampung-tanjong-laboh-84900.html
https://postcode.my/location/johor/tangkak/,https://postcode.my/johor-tangkak-kampung-tengah-84900.html
https://postcode.my/location/johor/tangkak/,https://postcode.my/johor-tangkak-kampung-termil-84900.html
https://postcode.my/location/johor/tangkak/,https://postcode.my/johor-tangkak-kawasan-perindustrian-tangkak-84900.html
https://postcode.my/location/johor/tangkak/,https://postcode.my/johor-tangkak-ladang-bekoh-84900.html
https://postcode.my/location/johor/tangkak/,https://postcode.my/johor-tangkak-ladang-bukit-serampang-84900.html
https://postcode.my/location/johor/tangkak/,https://postcode.my/johor-tangkak-ladang-eng-kee-84900.html
https://postcode.my/location/johor/tangkak/,https://postcode.my/johor-tangkak-ladang-ledang-84900.html
https://postcode.my/location/johor/tangkak/,https://postcode.my/johor-tangkak-ladang-sagil-84900.html
https://postcode.my/location/johor/tangkak/,https://postcode.my/johor-tangkak-ladang-serom-84900.html
https://postcode.my/location/johor/tangkak/,https://postcode.my/johor-tangkak-ladang-tanah-merah-84900.html
https://postcode.my/location/johor/tangkak/,https://postcode.my/johor-tangkak-ladang-tangkak-84900.html
https://postcode.my/location/johor/tangkak/,https://postcode.my/johor-tangkak-ledang-emas-84900.html
https://postcode.my/location/johor/tangkak/,https://postcode.my/johor-tangkak-lorong-haji-mat-sirot-84900.html
https://postcode.my/location/johor/tangkak/,https://postcode.my/johor-tangkak-parit-dahalan-84900.html
https://postcode.my/location/johor/tangkak/,https://postcode.my/johor-tangkak-parit-timin-84900.html
https://postcode.my/location/johor/tangkak/,https://postcode.my/johor-tangkak-pasar-awam-tangkak-84900.html
https://postcode.my/location/johor/tangkak/,https://postcode.my/johor-tangkak-sagil-84900.html
https://postcode.my/location/johor/tangkak/,https://postcode.my/johor-tangkak-simpang-bekoh-84900.html
https://postcode.my/location/johor/tangkak/,https://postcode.my/johor-tangkak-taman-air-molek-84900.html
https://postcode.my/location/johor/tangkak/,https://postcode.my/johor-tangkak-taman-alam-indah-84900.html
https://postcode.my/location/johor/tangkak/,https://postcode.my/johor-tangkak-taman-anggerik-84900.html
https://postcode.my/location/johor/tangkak/,https://postcode.my/johor-tangkak-taman-bahagia-84900.html
https://postcode.my/location/johor/tangkak/,https://postcode.my/johor-tangkak-taman-baiduri-84900.html
https://postcode.my/location/johor/tangkak/,https://postcode.my/johor-tangkak-taman-bandar-84900.html
https://postcode.my/location/johor/tangkak/,https://postcode.my/johor-tangkak-taman-bintang-84900.html
https://postcode.my/location/johor/tangkak/,https://postcode.my/johor-tangkak-taman-chi-meng-84900.html
https://postcode.my/location/johor/tangkak/,https://postcode.my/johor-tangkak-taman-damai-84900.html
https://postcode.my/location/johor/tangkak/,https://postcode.my/johor-tangkak-taman-delima-84900.html
https://postcode.my/location/johor/tangkak/,https://postcode.my/johor-tangkak-taman-elok-84900.html
https://postcode.my/location/johor/tangkak/,https://postcode.my/johor-tangkak-taman-emas-84900.html
https://postcode.my/location/johor/tangkak/,https://postcode.my/johor-tangkak-taman-fajar-84900.html
https://postcode.my/location/johor/tangkak/,https://postcode.my/johor-tangkak-taman-gunung-emas-84900.html
https://postcode.my/location/johor/tangkak/,https://postcode.my/johor-tangkak-taman-gunung-mas-84900.html
https://postcode.my/location/johor/tangkak/,https://postcode.my/johor-tangkak-taman-indah-84900.html
https://postcode.my/location/johor/tangkak/,https://postcode.my/johor-tangkak-taman-indah-1-2-84900.html
https://postcode.my/location/johor/tangkak/,https://postcode.my/johor-tangkak-taman-industri-tiara-84900.html
https://postcode.my/location/johor/tangkak/,https://postcode.my/johor-tangkak-taman-intan-84900.html
https://postcode.my/location/johor/tangkak/,https://postcode.my/johor-tangkak-taman-ithari-84900.html
https://postcode.my/location/johor/tangkak/,https://postcode.my/johor-tangkak-taman-kurnia-84900.html
https://postcode.my/location/johor/tangkak/,https://postcode.my/johor-tangkak-taman-kurnia-jaya-84900.html
https://postcode.my/location/johor/tangkak/,https://postcode.my/johor-tangkak-taman-ledang-84900.html
https://postcode.my/location/johor/tangkak/,https://postcode.my/johor-tangkak-taman-legenda-84900.html
https://postcode.my/location/johor/tangkak/,https://postcode.my/johor-tangkak-taman-mahkota-84900.html
https://postcode.my/location/johor/tangkak/,https://postcode.my/johor-tangkak-taman-maju-jaya-84900.html
https://postcode.my/location/johor/tangkak/,https://postcode.my/johor-tangkak-taman-mega-84900.html
https://postcode.my/location/johor/tangkak/,https://postcode.my/johor-tangkak-taman-mega-ria-84900.html
https://postcode.my/location/johor/tangkak/,https://postcode.my/johor-tangkak-taman-mewah-84900.html
https://postcode.my/location/johor/tangkak/,https://postcode.my/johor-tangkak-taman-mutiara-84900.html
https://postcode.my/location/johor/tangkak/,https://postcode.my/johor-tangkak-taman-naib-long-84900.html
https://postcode.my/location/johor/tangkak/,https://postcode.my/johor-tangkak-taman-naib-long-2-84900.html
https://postcode.my/location/johor/tangkak/,https://postcode.my/johor-tangkak-taman-nilam-84900.html
https://postcode.my/location/johor/tangkak/,https://postcode.my/johor-tangkak-taman-padang-lalang-84900.html
https://postcode.my/location/johor/tangkak/,https://postcode.my/johor-tangkak-taman-payamas-84900.html
https://postcode.my/location/johor/tangkak/,https://postcode.my/johor-tangkak-taman-pelangi-84900.html
https://postcode.my/location/johor/tangkak/,https://postcode.my/johor-tangkak-taman-pelangi-4-84900.html
https://postcode.my/location/johor/tangkak/,https://postcode.my/johor-tangkak-taman-perindustrian-84900.html
https://postcode.my/location/johor/tangkak/,https://postcode.my/johor-tangkak-taman-permanis-84900.html
https://postcode.my/location/johor/tangkak/,https://postcode.my/johor-tangkak-taman-permata-84900.html
https://postcode.my/location/johor/tangkak/,https://postcode.my/johor-tangkak-taman-pertama-84900.html
https://postcode.my/location/johor/tangkak/,https://postcode.my/johor-tangkak-taman-putera-84900.html
https://postcode.my/location/johor/tangkak/,https://postcode.my/johor-tangkak-taman-puteri-84900.html
https://postcode.my/location/johor/tangkak/,https://postcode.my/johor-tangkak-taman-putra-84900.html
https://postcode.my/location/johor/tangkak/,https://postcode.my/johor-tangkak-taman-ria-84900.html
https://postcode.my/location/johor/tangkak/,https://postcode.my/johor-tangkak-taman-sagil-jaya-84900.html
https://postcode.my/location/johor/tangkak/,https://postcode.my/johor-tangkak-taman-sagil-jaya-3-84900.html
https://postcode.my/location/johor/tangkak/,https://postcode.my/johor-tangkak-taman-sentosa-84900.html
https://postcode.my/location/johor/tangkak/,https://postcode.my/johor-tangkak-taman-seri-ledang-84900.html
https://postcode.my/location/johor/tangkak/,https://postcode.my/johor-tangkak-taman-seri-nilam-84900.html
https://postcode.my/location/johor/tangkak/,https://postcode.my/johor-tangkak-taman-sia-hai-eng-84900.html
https://postcode.my/location/johor/tangkak/,https://postcode.my/johor-tangkak-taman-sialang-84900.html
https://postcode.my/location/johor/tangkak/,https://postcode.my/johor-tangkak-taman-sri-jaya-84900.html
https://postcode.my/location/johor/tangkak/,https://postcode.my/johor-tangkak-taman-sri-jaya-1-2-84900.html
https://postcode.my/location/johor/tangkak/,https://postcode.my/johor-tangkak-taman-sri-nilam-84900.html
https://postcode.my/location/johor/tangkak/,https://postcode.my/johor-tangkak-taman-sri-sentosa-84900.html
https://postcode.my/location/johor/tangkak/,https://postcode.my/johor-tangkak-taman-sri-tangkak-84900.html
https://postcode.my/location/johor/tangkak/,https://postcode.my/johor-tangkak-taman-tangkak-2-84900.html
https://postcode.my/location/johor/tangkak/,https://postcode.my/johor-tangkak-taman-tangkak-emas-84900.html
https://postcode.my/location/johor/tangkak/,https://postcode.my/johor-tangkak-taman-tangkak-jaya-1-84900.html
https://postcode.my/location/johor/tangkak/,https://postcode.my/johor-tangkak-taman-tangkak-jaya-2-84900.html
https://postcode.my/location/johor/tangkak/,https://postcode.my/johor-tangkak-taman-tangkak-jaya-3-84900.html
https://postcode.my/location/johor/tangkak/,https://postcode.my/johor-tangkak-taman-tangkak-jaya-4-84900.html
https://postcode.my/location/johor/tangkak/,https://postcode.my/johor-tangkak-taman-tangkak-jaya-5-84900.html
https://postcode.my/location/johor/tangkak/,https://postcode.my/johor-tangkak-taman-tangkak-jaya-6-84900.html
https://postcode.my/location/johor/tangkak/,https://postcode.my/johor-tangkak-taman-tasik-ria-84900.html
https://postcode.my/location/johor/tangkak/,https://postcode.my/johor-tangkak-taman-tiara-1-84900.html
https://postcode.my/location/johor/tangkak/,https://postcode.my/johor-tangkak-taman-tiara-2-84900.html
https://postcode.my/location/johor/tangkak/,https://postcode.my/johor-tangkak-taman-tiara-4-84900.html
https://postcode.my/location/johor/tangkak/,https://postcode.my/johor-tangkak-taman-tiara-5-84900.html
https://postcode.my/location/johor/tangkak/,https://postcode.my/johor-tangkak-taman-warisan-84900.html
https://postcode.my/location/johor/tangkak/,https://postcode.my/johor-tangkak-taman-wawasan-84900.html
https://postcode.my/location/johor/tangkak/,https://postcode.my/johor-tangkak-taman-wira-84900.html
https://postcode.my/location/johor/tangkak/,https://postcode.my/johor-tangkak-tangkak-84900.html
https://postcode.my/location/johor/tangkak/,https://postcode.my/johor-tangkak-tanjung-meranti-84900.html
https://postcode.my/location/johor/bukit-pasir/,https://postcode.my/johor-bukit-pasir-bukit-pasir-84300.html
https://postcode.my/location/johor/bukit-pasir/,https://postcode.my/johor-bukit-pasir-jorak-84300.html
https://postcode.my/location/johor/bukit-pasir/,https://postcode.my/johor-bukit-pasir-kampung-durian-daun-84300.html
https://postcode.my/location/johor/bukit-pasir/,https://postcode.my/johor-bukit-pasir-kampung-jalan-raja-84300.html
https://postcode.my/location/johor/bukit-pasir/,https://postcode.my/johor-bukit-pasir-kampung-jorak-84300.html
https://postcode.my/location/johor/bukit-pasir/,https://postcode.my/johor-bukit-pasir-kampung-melayu-84300.html
https://postcode.my/location/johor/bukit-pasir/,https://postcode.my/johor-bukit-pasir-kampung-naib-piee-84300.html
https://postcode.my/location/johor/bukit-pasir/,https://postcode.my/johor-bukit-pasir-kampung-padang-lalang-84300.html
https://postcode.my/location/johor/bukit-pasir/,https://postcode.my/johor-bukit-pasir-kampung-parit-buaya-84300.html
https://postcode.my/location/johor/bukit-pasir/,https://postcode.my/johor-bukit-pasir-kampung-parit-kadir-84300.html
https://postcode.my/location/johor/bukit-pasir/,https://postcode.my/johor-bukit-pasir-kampung-paya-panjang-84300.html
https://postcode.my/location/johor/bukit-pasir/,https://postcode.my/johor-bukit-pasir-kampung-pengkalan-kota-84300.html
https://postcode.my/location/johor/bukit-pasir/,https://postcode.my/johor-bukit-pasir-kampung-pergam-84300.html
https://postcode.my/location/johor/bukit-pasir/,https://postcode.my/johor-bukit-pasir-kampung-simpang-baba-84300.html
https://postcode.my/location/johor/bukit-pasir/,https://postcode.my/johor-bukit-pasir-kampung-sungai-raya-84300.html
https://postcode.my/location/johor/bukit-pasir/,https://postcode.my/johor-bukit-pasir-kampung-sungai-terap-84300.html
https://postcode.my/location/johor/bukit-pasir/,https://postcode.my/johor-bukit-pasir-kampung-tanjong-olak-84300.html
https://postcode.my/location/johor/bukit-pasir/,https://postcode.my/johor-bukit-pasir-kampung-tanjung-selabu-84300.html
https://postcode.my/location/johor/bukit-pasir/,https://postcode.my/johor-bukit-pasir-kampung-telok-kemang-84300.html
https://postcode.my/location/johor/bukit-pasir/,https://postcode.my/johor-bukit-pasir-kampung-temiang-84300.html
https://postcode.my/location/johor/jementah/,https://postcode.my/johor-jementah-bukit-serampang-85200.html
https://postcode.my/location/johor/jementah/,https://postcode.my/johor-jementah-felcra-kebun-baru-85200.html
https://postcode.my/location/johor/jementah/,https://postcode.my/johor-jementah-felcra-tebing-tinggi-85200.html
https://postcode.my/location/johor/jementah/,https://postcode.my/johor-jementah-felda-seri-ledang-85200.html
https://postcode.my/location/johor/jementah/,https://postcode.my/johor-jementah-felda-sri-jaya-85200.html
https://postcode.my/location/johor/jementah/,https://postcode.my/johor-jementah-jalan-kubur-cina-85200.html
https://postcode.my/location/johor/jementah/,https://postcode.my/johor-jementah-jementah-85200.html
https://postcode.my/location/johor/jementah/,https://postcode.my/johor-jementah-kampung-ah-tong-85200.html
https://postcode.my/location/johor/jementah/,https://postcode.my/johor-jementah-kampung-baru-85200.html
https://postcode.my/location/johor/jementah/,https://postcode.my/johor-jementah-kampung-baru-kebun-baru-85200.html
https://postcode.my/location/johor/jementah/,https://postcode.my/johor-jementah-kampung-batu-11-85200.html
https://postcode.my/location/johor/jementah/,https://postcode.my/johor-jementah-kampung-batu-dua-belas-85200.html
https://postcode.my/location/johor/jementah/,https://postcode.my/johor-jementah-kampung-batu-sepuluh-85200.html
https://postcode.my/location/johor/jementah/,https://postcode.my/johor-jementah-kampung-batu-tiga-belas-85200.html
https://postcode.my/location/johor/jementah/,https://postcode.my/johor-jementah-kampung-bukit-keledang-85200.html
https://postcode.my/location/johor/jementah/,https://postcode.my/johor-jementah-kampung-bukit-tunggal-85200.html
https://postcode.my/location/johor/jementah/,https://postcode.my/johor-jementah-kampung-dato-samsu-85200.html
https://postcode.my/location/johor/jementah/,https://postcode.my/johor-jementah-kampung-gelugor-85200.html
https://postcode.my/location/johor/jementah/,https://postcode.my/johor-jementah-kampung-gemeh-85200.html
https://postcode.my/location/johor/jementah/,https://postcode.my/johor-jementah-kampung-kenangan-85200.html
https://postcode.my/location/johor/jementah/,https://postcode.my/johor-jementah-taman-perpaduan-85200.html
https://postcode.my/location/johor/jementah/,https://postcode.my/johor-jementah-taman-puteri-85200.html
https://postcode.my/location/johor/jementah/,https://postcode.my/johor-jementah-taman-rakyat-85200.html
https://postcode.my/location/johor/jementah/,https://postcode.my/johor-jementah-taman-ria-85200.html
https://postcode.my/location/johor/jementah/,https://postcode.my/johor-jementah-taman-saujana-85200.html
https://postcode.my/location/johor/jementah/,https://postcode.my/johor-jementah-taman-sejati-85200.html
https://postcode.my/location/johor/jementah/,https://postcode.my/johor-jementah-taman-sengkang-jaya-85200.html
https://postcode.my/location/johor/jementah/,https://postcode.my/johor-jementah-taman-seri-damai-85200.html
https://postcode.my/location/johor/jementah/,https://postcode.my/johor-jementah-taman-seri-ganang-85200.html
https://postcode.my/location/johor/jementah/,https://postcode.my/johor-jementah-taman-seri-jementah-85200.html
https://postcode.my/location/johor/jementah/,https://postcode.my/johor-jementah-taman-sri-85200.html
https://postcode.my/location/johor/jementah/,https://postcode.my/johor-jementah-taman-sri-jementah-85200.html
https://postcode.my/location/johor/jementah/,https://postcode.my/johor-jementah-taman-sri-jementah-baru-85200.html
https://postcode.my/location/johor/jementah/,https://postcode.my/johor-jementah-taman-sri-mewah-85200.html
https://postcode.my/location/johor/jementah/,https://postcode.my/johor-jementah-taman-suraya-85200.html
https://postcode.my/location/johor/jementah/,https://postcode.my/johor-jementah-taman-teratai-85200.html
https://postcode.my/location/johor/bandar-tenggara/,https://postcode.my/johor-bandar-tenggara-bandar-petri-jaya-81440.html
https://postcode.my/location/johor/bandar-tenggara/,https://postcode.my/johor-bandar-tenggara-bandar-tenggara-81440.html
https://postcode.my/location/johor/bandar-tenggara/,https://postcode.my/johor-bandar-tenggara-desa-harmoni-81440.html
https://postcode.my/location/johor/bandar-tenggara/,https://postcode.my/johor-bandar-tenggara-felda-inas-selatan-81440.html
https://postcode.my/location/johor/bandar-tenggara/,https://postcode.my/johor-bandar-tenggara-felda-linggiu-81440.html
https://postcode.my/location/johor/bandar-tenggara/,https://postcode.my/johor-bandar-tenggara-felda-pengeli-timur-81440.html
https://postcode.my/location/johor/bandar-tenggara/,https://postcode.my/johor-bandar-tenggara-felda-sungai-sibol-81440.html
https://postcode.my/location/johor/bandar-tenggara/,https://postcode.my/johor-bandar-tenggara-kampung-pasir-intan-81440.html
https://postcode.my/location/johor/bandar-tenggara/,https://postcode.my/johor-bandar-tenggara-kampung-sayong-pinang-81440.html
https://postcode.my/location/johor/bandar-tenggara/,https://postcode.my/johor-bandar-tenggara-kampung-sri-pekan-81440.html
https://postcode.my/location/johor/bandar-tenggara/,https://postcode.my/johor-bandar-tenggara-kawasan-perindustrian-bandar-tenggara-81440.html
https://postcode.my/location/johor/bandar-tenggara/,https://postcode.my/johor-bandar-tenggara-ladang-agro-maju-81440.html
https://postcode.my/location/johor/bandar-tenggara/,https://postcode.my/johor-bandar-tenggara-ladang-cenas-81440.html
https://postcode.my/location/johor/bandar-tenggara/,https://postcode.my/johor-bandar-tenggara-ladang-pekan-81440.html
https://postcode.my/location/johor/bandar-tenggara/,https://postcode.my/johor-bandar-tenggara-ladang-sungai-penggeli-81440.html
https://postcode.my/location/johor/bandar-tenggara/,https://postcode.my/johor-bandar-tenggara-ladang-ulu-sibol-81440.html
https://postcode.my/location/johor/bandar-tenggara/,https://postcode.my/johor-bandar-tenggara-taman-anggerik-tenggara-81440.html
https://postcode.my/location/johor/bandar-tenggara/,https://postcode.my/johor-bandar-tenggara-taman-bandar-tenggara-81440.html
https://postcode.my/location/johor/bandar-tenggara/,https://postcode.my/johor-bandar-tenggara-taman-sayong-indah-81440.html
https://postcode.my/location/johor/bandar-tenggara/,https://postcode.my/johor-bandar-tenggara-taman-sayong-pinang-81440.html
https://postcode.my/location/johor/rengit/,https://postcode.my/johor-rengit-aked-mara-83100.html
https://postcode.my/location/johor/rengit/,https://postcode.my/johor-rengit-bagan-darat-83100.html
https://postcode.my/location/johor/rengit/,https://postcode.my/johor-rengit-bagan-serong-83100.html
https://postcode.my/location/johor/rengit/,https://postcode.my/johor-rengit-bazar-mara-83100.html
https://postcode.my/location/johor/rengit/,https://postcode.my/johor-rengit-belahan-tampok-laut-83100.html
https://postcode.my/location/johor/rengit/,https://postcode.my/johor-rengit-jalan-belakang-tokong-83100.html
https://postcode.my/location/johor/rengit/,https://postcode.my/johor-rengit-jalan-besar-83100.html
https://postcode.my/location/johor/rengit/,https://postcode.my/johor-rengit-jalan-hoe-heng-83100.html
https://postcode.my/location/johor/rengit/,https://postcode.my/johor-rengit-jalan-hoe-hing-83100.html
https://postcode.my/location/johor/rengit/,https://postcode.my/johor-rengit-jalan-muhibbah-83100.html
https://postcode.my/location/johor/rengit/,https://postcode.my/johor-rengit-jalan-pak-awang-83100.html
https://postcode.my/location/johor/rengit/,https://postcode.my/johor-rengit-jalan-parit-mesjid-83100.html
https://postcode.my/location/johor/rengit/,https://postcode.my/johor-rengit-kampung-bagan-darat-83100.html
https://postcode.my/location/johor/rengit/,https://postcode.my/johor-rengit-kampung-bagan-laut-83100.html
https://postcode.my/location/johor/rengit/,https://postcode.my/johor-rengit-kampung-bumiputra-83100.html
https://postcode.my/location/johor/rengit/,https://postcode.my/johor-rengit-kampung-jambi-83100.html
https://postcode.my/location/johor/rengit/,https://postcode.my/johor-rengit-kampung-jambi-darat-83100.html
https://postcode.my/location/johor/rengit/,https://postcode.my/johor-rengit-kampung-jambi-laut-83100.html
https://postcode.my/location/johor/rengit/,https://postcode.my/johor-rengit-kampung-jambi-tengah-83100.html
https://postcode.my/location/johor/rengit/,https://postcode.my/johor-rengit-kampung-jaya-diri-83100.html
https://postcode.my/location/johor/rengit/,https://postcode.my/johor-rengit-kampung-jaya-diri-timur-83100.html
https://postcode.my/location/johor/rengit/,https://postcode.my/johor-rengit-kampung-lapis-sri-bahrom-83100.html
https://postcode.my/location/johor/rengit/,https://postcode.my/johor-rengit-kampung-lapis-sungai-dulang-83100.html
https://postcode.my/location/johor/rengit/,https://postcode.my/johor-rengit-kampung-parit-alwee-laut-83100.html
https://postcode.my/location/johor/rengit/,https://postcode.my/johor-rengit-kampung-parit-besar-83100.html
https://postcode.my/location/johor/rengit/,https://postcode.my/johor-rengit-kampung-parit-daing-mencening-83100.html
https://postcode.my/location/johor/rengit/,https://postcode.my/johor-rengit-kampung-parit-jalal-83100.html
https://postcode.my/location/johor/rengit/,https://postcode.my/johor-rengit-kampung-parit-jalal-laut-83100.html
https://postcode.my/location/johor/rengit/,https://postcode.my/johor-rengit-kampung-parit-latif-off-parit-ahmad-83100.html
https://postcode.my/location/johor/rengit/,https://postcode.my/johor-rengit-kampung-parit-mengkudu-darat-83100.html
https://postcode.my/location/johor/rengit/,https://postcode.my/johor-rengit-kampung-parit-mengkudu-laut-83100.html
https://postcode.my/location/johor/rengit/,https://postcode.my/johor-rengit-kampung-parit-perpat-darat-83100.html
https://postcode.my/location/johor/rengit/,https://postcode.my/johor-rengit-kampung-parit-perpat-lapis-83100.html
https://postcode.my/location/johor/rengit/,https://postcode.my/johor-rengit-kampung-parit-perpat-laut-83100.html
https://postcode.my/location/johor/rengit/,https://postcode.my/johor-rengit-kampung-parit-tamsir-83100.html
https://postcode.my/location/johor/rengit/,https://postcode.my/johor-rengit-kampung-parit-tengah-83100.html
https://postcode.my/location/johor/rengit/,https://postcode.my/johor-rengit-kampung-parit-tengah-merlong-83100.html
https://postcode.my/location/johor/rengit/,https://postcode.my/johor-rengit-kampung-perpat-abd-rahman-83100.html
https://postcode.my/location/johor/rengit/,https://postcode.my/johor-rengit-kampung-perpat-darat-83100.html
https://postcode.my/location/johor/rengit/,https://postcode.my/johor-rengit-kampung-perpat-tambak-83100.html
